{
    "resource_pack_name": "vanilla",
    "texture_name": "atlas.items",
    "texture_data": {
        "cy_vampire:swiftness_helmet": {
            "textures": "textures/items/cy_vampire/swiftness_helmet"
        },
        "cy_vampire:swiftness_chestplate": {
            "textures": "textures/items/cy_vampire/swiftness_chestplate"
        },
        "cy_vampire:swiftness_leggings": {
            "textures": "textures/items/cy_vampire/swiftness_leggings"
        },
        "cy_vampire:swiftness_boots": {
            "textures": "textures/items/cy_vampire/swiftness_boots"
        },
        "cy_vampire:enchant_swiftness_helmet": {
            "textures": "textures/items/cy_vampire/enchant_swiftness_helmet"
        },
        "cy_vampire:enchant_swiftness_chestplate": {
            "textures": "textures/items/cy_vampire/enchant_swiftness_chestplate"
        },
        "cy_vampire:enchant_swiftness_leggings": {
            "textures": "textures/items/cy_vampire/enchant_swiftness_leggings"
        },
        "cy_vampire:enchant_swiftness_boots": {
            "textures": "textures/items/cy_vampire/enchant_swiftness_boots"
        },
        "cy_vampire:ultimate_swiftness_helmet": {
            "textures": "textures/items/cy_vampire/ultimate_swiftness_helmet"
        },
        "cy_vampire:ultimate_swiftness_chestplate": {
            "textures": "textures/items/cy_vampire/ultimate_swiftness_chestplate"
        },
        "cy_vampire:ultimate_swiftness_leggings": {
            "textures": "textures/items/cy_vampire/ultimate_swiftness_leggings"
        },
        "cy_vampire:ultimate_swiftness_boots": {
            "textures": "textures/items/cy_vampire/ultimate_swiftness_boots"
        },
        "cy_vampire:obsidian_armor_helmet": {
            "textures": "textures/items/cy_vampire/obsidian_armor_helmet"
        },
        "cy_vampire:obsidian_armor_chestplate": {
            "textures": "textures/items/cy_vampire/obsidian_armor_chestplate"
        },
        "cy_vampire:obsidian_armor_leggings": {
            "textures": "textures/items/cy_vampire/obsidian_armor_leggings"
        },
        "cy_vampire:obsidian_armor_boots": {
            "textures": "textures/items/cy_vampire/obsidian_armor_boots"
        },
        "cy_vampire:enchant_obsidian_armor_helmet": {
            "textures": "textures/items/cy_vampire/enchant_obsidian_armor_helmet"
        },
        "cy_vampire:enchant_obsidian_armor_chestplate": {
            "textures": "textures/items/cy_vampire/enchant_obsidian_armor_chestplate"
        },
        "cy_vampire:enchant_obsidian_armor_leggings": {
            "textures": "textures/items/cy_vampire/enchant_obsidian_armor_leggings"
        },
        "cy_vampire:enchant_obsidian_armor_boots": {
            "textures": "textures/items/cy_vampire/enchant_obsidian_armor_boots"
        },
        "cy_vampire:ultimate_obsidian_armor_helmet": {
            "textures": "textures/items/cy_vampire/ultimate_obsidian_armor_helmet"
        },
        "cy_vampire:ultimate_obsidian_armor_chestplate": {
            "textures": "textures/items/cy_vampire/ultimate_obsidian_armor_chestplate"
        },
        "cy_vampire:ultimate_obsidian_armor_leggings": {
            "textures": "textures/items/cy_vampire/ultimate_obsidian_armor_leggings"
        },
        "cy_vampire:ultimate_obsidian_armor_boots": {
            "textures": "textures/items/cy_vampire/ultimate_obsidian_armor_boots"
        },
        "cy_vampire:hunter_coat_helmet": {
            "textures": "textures/items/cy_vampire/hunter_coat_helmet"
        },
        "cy_vampire:hunter_coat_chestplate": {
            "textures": "textures/items/cy_vampire/hunter_coat_chestplate"
        },
        "cy_vampire:hunter_coat_leggings": {
            "textures": "textures/items/cy_vampire/hunter_coat_leggings"
        },
        "cy_vampire:hunter_coat_boots": {
            "textures": "textures/items/cy_vampire/hunter_coat_boots"
        },
        "cy_vampire:enchant_hunter_coat_helmet": {
            "textures": "textures/items/cy_vampire/enchant_hunter_coat_helmet"
        },
        "cy_vampire:enchant_hunter_coat_chestplate": {
            "textures": "textures/items/cy_vampire/enchant_hunter_coat_chestplate"
        },
        "cy_vampire:enchant_hunter_coat_leggings": {
            "textures": "textures/items/cy_vampire/hunter_coat_leggings"
        },
        "cy_vampire:enchant_hunter_coat_boots": {
            "textures": "textures/items/cy_vampire/enchant_hunter_coat_boots"
        },
        "cy_vampire:ultimate_hunter_coat_helmet": {
            "textures": "textures/items/cy_vampire/ultimate_hunter_coat_helmet"
        },
        "cy_vampire:ultimate_hunter_coat_chestplate": {
            "textures": "textures/items/cy_vampire/ultimate_hunter_coat_chestplate"
        },
        "cy_vampire:ultimate_hunter_coat_leggings": {
            "textures": "textures/items/cy_vampire/hunter_coat_leggings"
        },
        "cy_vampire:ultimate_hunter_coat_boots": {
            "textures": "textures/items/cy_vampire/ultimate_hunter_coat_boots"
        },
        // 生成的道具
        "cy_vampire:vampire_fang": {
            "textures": "textures/items/cy_vampire/vampire_fang"
        },
        "cy_vampire:garlic_injection": {
            "textures": "textures/items/cy_vampire/garlic_injection"
        },
        "cy_vampire:sanguinare_injection": {
            "textures": "textures/items/cy_vampire/sanguinare_injection"
        },
        "cy_vampire:human_heart": {
            "textures": "textures/items/cy_vampire/human_heart"
        },
        "cy_vampire:weak_human_heart": {
            "textures": "textures/items/cy_vampire/weak_human_heart"
        },
        "cy_vampire:blood_bottle_empty": {
            "textures": "textures/items/cy_vampire/blood_bottle_empty"
        },
        "cy_vampire:blood_bottle": {
            "textures": "textures/items/cy_vampire/blood_bottle"
        },
        "cy_vampire:blood_bottle1": {
            "textures": "textures/items/cy_vampire/blood_bottle1"
        },
        "cy_vampire:blood_bottle2": {
            "textures": "textures/items/cy_vampire/blood_bottle2"
        },
        "cy_vampire:blood_bottle3": {
            "textures": "textures/items/cy_vampire/blood_bottle3"
        },
        "cy_vampire:blood_bottle4": {
            "textures": "textures/items/cy_vampire/blood_bottle4"
        },
        "cy_vampire:blood_bottle5": {
            "textures": "textures/items/cy_vampire/blood_bottle5"
        },
        "cy_vampire:blood_bottle6": {
            "textures": "textures/items/cy_vampire/blood_bottle6"
        },
        "cy_vampire:blood_bottle7": {
            "textures": "textures/items/cy_vampire/blood_bottle7"
        },
        "cy_vampire:blood_bottle8": {
            "textures": "textures/items/cy_vampire/blood_bottle8"
        },
        "cy_vampire:blood_bottle9": {
            "textures": "textures/items/cy_vampire/blood_bottle9"
        },
        "cy_vampire:pure_blood": {
            "textures": "textures/items/cy_vampire/pure_blood"
        },
        "cy_vampire:hunter_intel": {
            "textures": "textures/items/cy_vampire/hunter_intel"
        },
        "cy_vampire:item_garlic": {
            "textures": "textures/items/cy_vampire/garlic"
        },
        "cy_vampire:injection": {
            "textures": "textures/items/cy_vampire/injection"
        },
        "cy_vampire:vampire_blood_bottle": {
            "textures": "textures/items/cy_vampire/vampire_blood_bottle"
        },
        "cy_vampire:blood_potion": {
            "textures": "textures/items/cy_vampire/vampire_blood_bottle"
        },
        "cy_vampire:vampire_book": {
            "textures": "textures/items/book_written"
        },
        "cy_vampire:holy_water_bottle": {
            "textures": "textures/items/cy_vampire/holy_water"
        },
        "cy_vampire:enchant_holy_water_bottle": {
            "textures": "textures/items/cy_vampire/enchant_holy_water"
        },
        "cy_vampire:ultimate_holy_water_bottle": {
            "textures": "textures/items/cy_vampire/ultimate_holy_water"
        },
        "cy_vampire:holy_water_splash_bottle": {
            "textures": "textures/items/cy_vampire/holy_water_splash"
        },
        "cy_vampire:enchant_holy_water_splash_bottle": {
            "textures": "textures/items/cy_vampire/enchant_holy_water_splash"
        },
        "cy_vampire:ultimate_holy_water_splash_bottle": {
            "textures": "textures/items/cy_vampire/ultimate_holy_water_splash"
        },
        "cy_vampire:holy_salt": {
            "textures": "textures/items/cy_vampire/holy_salt"
        },
        "cy_vampire:pure_salt": {
            "textures": "textures/items/cy_vampire/holy_salt"
        },
        "cy_vampire:holy_salt_water": {
            "textures": "textures/items/cy_vampire/holy_salt_water"
        },
        "cy_vampire:item_alchemical_fire": {
            "textures": "textures/items/cy_vampire/alchemical_fire"
        },
        "cy_vampire:purified_garlic": {
            "textures": "textures/items/cy_vampire/purified_garlic"
        },
        "cy_vampire:blood_infused_iron_ingot": {
            "textures": "textures/items/cy_vampire/blood_infused_iron_ingot"
        },
        "cy_vampire:blood_infused_enhanced_iron_ingot": {
            "textures": "textures/items/cy_vampire/blood_infused_enhanced_iron_ingot"
        },
        "cy_vampire:soul_orb_vampire": {
            "textures": "textures/items/cy_vampire/soul_orb_vampire"
        },
        "cy_vampire:pure_blood0": {
            "textures": "textures/items/cy_vampire/pure_blood"
        },
        "cy_vampire:pure_blood1": {
            "textures": "textures/items/cy_vampire/pure_blood"
        },
        "cy_vampire:pure_blood2": {
            "textures": "textures/items/cy_vampire/pure_blood"
        },
        "cy_vampire:pure_blood3": {
            "textures": "textures/items/cy_vampire/pure_blood"
        },
        "cy_vampire:pure_blood4": {
            "textures": "textures/items/cy_vampire/pure_blood"
        },
        "cy_vampire:crossbow": {
            "textures": "textures/items/cy_vampire/crossbow"
        },
        "cy_vampire:crossbow_frame": {
            "textures": "textures/items/cy_vampire/crossbow"
        },
        "cy_vampire:double_crossbow": {
            "textures": "textures/items/cy_vampire/double_crossbow"
        },
        "cy_vampire:double_crossbow_frame": {
            "textures": "textures/items/cy_vampire/crossbow"
        },
        "cy_vampire:enhanced_double_crossbow": {
            "textures": "textures/items/cy_vampire/enhanced_double_crossbow"
        },
        "cy_vampire:enhanced_double_crossbow_frame": {
            "textures": "textures/items/cy_vampire/enhanced_crossbow"
        },
        "cy_vampire:tech_crossbow": {
            "textures": "textures/items/cy_vampire/tech_crossbow"
        },
        "cy_vampire:tech_crossbow_frame": {
            "textures": "textures/items/cy_vampire/tech_crossbow"
        },
        "cy_vampire:enhanced_tech_crossbow": {
            "textures": "textures/items/cy_vampire/enhanced_tech_crossbow"
        },
        "cy_vampire:enhanced_tech_crossbow_frame": {
            "textures": "textures/items/cy_vampire/tech_crossbow_extra_enhanced"
        },
        "cy_vampire:enhanced_crossbow": {
            "textures": "textures/items/cy_vampire/enhanced_crossbow"
        },
        "cy_vampire:enhanced_crossbow_frame": {
            "textures": "textures/items/cy_vampire/enhanced_crossbow"
        },
        "cy_vampire:crossbow_arrow_projectile": {
            "textures": "textures/items/arrow"
        },
        "cy_vampire:vampire_killer_arrow_projectile": {
            "textures": "textures/items/cy_vampire/vampire_killer_arrow_projectile"
        },
        "cy_vampire:spitfire_projectile": {
            "textures": "textures/items/cy_vampire/spitfire_projectile"
        },
        "cy_vampire:pitchfork": {
            "textures": "textures/items/cy_vampire/pitchfork"
        },
        "cy_vampire:hunter_axe": {
            "textures": "textures/items/cy_vampire/hunter_axe"
        },
        "cy_vampire:enhanced_hunter_axe": {
            "textures": "textures/items/cy_vampire/hunter_axe"
        },
        "cy_vampire:ultimate_hunter_axe": {
            "textures": "textures/items/cy_vampire/hunter_axe"
        },
        "cy_vampire:arrow_clip": {
            "textures": "textures/items/cy_vampire/tech_crossbow_ammo_package"
        },
        "cy_vampire:ultimate_heartseeker": {
            "textures": "textures/items/cy_vampire/ultimate_heartseeker"
        },
        "cy_vampire:enhanced_heartseeker": {
            "textures": "textures/items/cy_vampire/enhanced_heartseeker"
        },
        "cy_vampire:heartseeker": {
            "textures": "textures/items/cy_vampire/heartseeker"
        },
        "cy_vampire:heartstriker": {
            "textures": "textures/items/cy_vampire/heartstriker"
        },
        "cy_vampire:ultimate_heartstriker": {
            "textures": "textures/items/cy_vampire/ultimate_heartstriker"
        },
        "cy_vampire:enhanced_heartstriker": {
            "textures": "textures/items/cy_vampire/enhanced_heartstriker"
        },
        "cy_vampire:stake": {
            "textures": "textures/items/cy_vampire/stake"
        },
        "cy_vampire:garlic_bread": {
            "textures": "textures/items/cy_vampire/garlic_bread"
        },
        "cy_vampire:hunter_hat0": {
            "textures": "textures/items/cy_vampire/hunter_hat0"
        },
        "cy_vampire:hunter_hat1": {
            "textures": "textures/items/cy_vampire/hunter_hat1"
        },
        "cy_vampire:vampire_cloak_black_white": {
            "textures": "textures/items/cy_vampire/vampire_cloak_black_white"
        },
        "cy_vampire:vampire_cloak_black": {
            "textures": "textures/items/cy_vampire/vampire_cloak_black_red"
        },
        "cy_vampire:vampire_cloak_white": {
            "textures": "textures/items/cy_vampire/vampire_cloak_white_black"
        },
        "cy_vampire:vampire_cloak_red": {
            "textures": "textures/items/cy_vampire/vampire_cloak_red_black"
        },
        "cy_vampire:vampire_cloak_blue": {
            "textures": "textures/items/cy_vampire/vampire_cloak_black_blue"
        },
        "cy_vampire:tutorial_book": {
            "textures": "textures/items/cy_vampire/tutorial_book"
        }
    }
}