{"resource_pack_name":"vanilla","texture_name":"atlas.terrain","texture_data":{"cy_vampire:endless_fire":{"textures":"textures/blocks/campfire"},"cy_vampire:fire_place_wood":{"textures":"textures/blocks/log_oak"},"cy_vampire:fire_place_black":{"textures":"textures/blocks/coal_block"},"cy_vampire:fire_place_fire":{"textures":"textures/blocks/cy_vampire/fire_0"},"cy_vampire:cursed_earth":{"textures":"textures/blocks/cy_vampire/cursed_earth"},"cy_vampire:castle_stairs_dark":{"textures":"textures/blocks/cy_vampire/castle_block_dark_brick"},"cy_vampire:castle_stairs_dark_stone":{"textures":"textures/blocks/cy_vampire/castle_block_normal_brick"},"cy_vampire:castle_stairs_purple":{"textures":"textures/blocks/cy_vampire/castle_block_purple_brick"},"cy_vampire:castle_slab":{"textures":"textures/blocks/cy_vampire/castle_block_dark_brick"},"cy_vampire:castle_slab_purple":{"textures":"textures/blocks/cy_vampire/castle_block_purple_slab"},"cy_vampire:castle_slab_dark_stone":{"textures":"textures/blocks/cy_vampire/castle_block_dark_slab"},"cy_vampire:castle_block":{"textures":"textures/blocks/cy_vampire/castle_block"},"cy_vampire:castle_block_stone":{"textures":"textures/blocks/cy_vampire/castle_block_stone"},"cy_vampire:castle_block_stone_bricks":{"textures":"textures/blocks/cy_vampire/castle_block_stone_bricks"},"cy_vampire:castle_block_blood":{"textures":"textures/blocks/cy_vampire/castle_block_blood"},"cy_vampire:castle_block_flower":{"textures":"textures/blocks/cy_vampire/castle_block_flower"},"cy_vampire:totem_base":{"textures":"textures/blocks/cy_vampire/totem_base"},"cy_vampire:totem_top":{"textures":"textures/blocks/cy_vampire/totem_top"},"cy_vampire:tent":{"textures":"textures/blocks/cy_vampire/tent"},"cy_vampire:item_tent":{"textures":"textures/items/cy_vampire/tent"},"cy_vampire:coffin":{"textures":"textures/blocks/cy_vampire/coffin"},"cy_vampire:item_coffin":{"textures":"textures/items/cy_vampire/coffin"},"cy_vampire:injection_chair":{"textures":"textures/blocks/cy_vampire/injection_chair"},"cy_vampire:item_injection_chair":{"textures":"textures/items/cy_vampire/injection_chair"},"cy_vampire:blood_container":{"textures":"textures/blocks/cy_vampire/blood_container"},"cy_vampire:blood_container1":{"textures":"textures/blocks/cy_vampire/blood_container1"},"cy_vampire:blood_container2":{"textures":"textures/blocks/cy_vampire/blood_container2"},"cy_vampire:blood_container3":{"textures":"textures/blocks/cy_vampire/blood_container3"},"cy_vampire:blood_container4":{"textures":"textures/blocks/cy_vampire/blood_container4"},"cy_vampire:blood_container5":{"textures":"textures/blocks/cy_vampire/blood_container5"},"cy_vampire:blood_container6":{"textures":"textures/blocks/cy_vampire/blood_container6"},"cy_vampire:blood_container7":{"textures":"textures/blocks/cy_vampire/blood_container7"},"cy_vampire:blood_container8":{"textures":"textures/blocks/cy_vampire/blood_container8"},"cy_vampire:blood_container9":{"textures":"textures/blocks/cy_vampire/blood_container9"},"cy_vampire:blood_container10":{"textures":"textures/blocks/cy_vampire/blood_container10"},"cy_vampire:blood_container11":{"textures":"textures/blocks/cy_vampire/blood_container11"},"cy_vampire:blood_container12":{"textures":"textures/blocks/cy_vampire/blood_container12"},"cy_vampire:blood_container13":{"textures":"textures/blocks/cy_vampire/blood_container13"},"cy_vampire:blood_container14":{"textures":"textures/blocks/cy_vampire/blood_container14"},"cy_vampire:vampirism_flower":{"textures":"textures/blocks/cy_vampire/vampirism_flower"},"cy_vampire:altar_infusion":{"textures":"textures/blocks/cy_vampire/altar_infusion"},"cy_vampire:altar_pillar":{"textures":"textures/blocks/cy_vampire/altar_pillar"},"cy_vampire:altar_pillar_stone":{"textures":"textures/blocks/cy_vampire/altar_pillar_stone"},"cy_vampire:altar_pillar_end":{"textures":"textures/blocks/cy_vampire/altar_pillar_end"},"cy_vampire:altar_pillar_bone":{"textures":"textures/blocks/cy_vampire/altar_pillar_bone"},"cy_vampire:altar_pillar_gold":{"textures":"textures/blocks/cy_vampire/altar_pillar_gold"},"cy_vampire:altar_pillar_iron":{"textures":"textures/blocks/cy_vampire/altar_pillar_iron"},"cy_vampire:altar_tip":{"textures":"textures/blocks/cy_vampire/altar_tip"},"cy_vampire:hunter_table":{"textures":"textures/blocks/cy_vampire/hunter_table"},"cy_vampire:church_altar":{"textures":"textures/blocks/cy_vampire/church_altar"},"cy_vampire:altar_inspiration":{"textures":"textures/blocks/cy_vampire/altar_inspiration"},"cy_vampire:altar_inspiration1":{"textures":"textures/blocks/cy_vampire/altar_inspiration"},"cy_vampire:altar_inspiration2":{"textures":"textures/blocks/cy_vampire/altar_inspiration"},"cy_vampire:altar_inspiration3":{"textures":"textures/blocks/cy_vampire/altar_inspiration"},"cy_vampire:altar_inspiration4":{"textures":"textures/blocks/cy_vampire/altar_inspiration"},"cy_vampire:altar_inspiration5":{"textures":"textures/blocks/cy_vampire/altar_inspiration"},"cy_vampire:altar_inspiration6":{"textures":"textures/blocks/cy_vampire/altar_inspiration"},"cy_vampire:altar_inspiration7":{"textures":"textures/blocks/cy_vampire/altar_inspiration"},"cy_vampire:altar_inspiration8":{"textures":"textures/blocks/cy_vampire/altar_inspiration"},"cy_vampire:altar_inspiration9":{"textures":"textures/blocks/cy_vampire/altar_inspiration"},"cy_vampire:altar_inspiration10":{"textures":"textures/blocks/cy_vampire/altar_inspiration"},"cy_vampire:weapon_table":{"textures":"textures/blocks/cy_vampire/weapon_table"},"cy_vampire:weapon_table_lava":{"textures":"textures/blocks/cy_vampire/weapon_table"},"cy_vampire:weapon_table_lava2":{"textures":"textures/blocks/lava_flow"},"cy_vampire:blood_potion_table":{"textures":"textures/blocks/cy_vampire/blood_potion_table"},"cy_vampire:sunscreen_beacon":{"textures":"textures/blocks/cy_vampire/sunscreen_beacon"},"cy_vampire:alchemical_cauldron":{"textures":"textures/blocks/cy_vampire/alchemical_cauldron"},"cy_vampire:blood_pedestal":{"textures":"textures/blocks/cy_vampire/blood_pedestal"},"cy_vampire:blood_grinder":{"textures":"textures/blocks/cy_vampire/blood_grinder"},"cy_vampire:blood_sieve":{"textures":"textures/blocks/cy_vampire/blood_sieve"},"cy_vampire:hunter_table2":{"textures":"textures/blocks/cy_vampire/hunter_table2"},"cy_vampire:garlic_beacon":{"textures":"textures/blocks/cy_vampire/garlic_beacon"},"cy_vampire:enhanced_garlic_beacon":{"textures":"textures/blocks/cy_vampire/garlic_beacon"},"cy_vampire:week_garlic_beacon":{"textures":"textures/blocks/cy_vampire/garlic_beacon"},"cy_vampire:garlic_beacon_core":{"textures":"textures/blocks/cy_vampire/garlic_beacon_inside"},"cy_vampire:garlic_beacon_core_improved":{"textures":"textures/blocks/cy_vampire/garlic_beacon_inside_improved"},"cy_vampire:garlic_stage0":{"textures":"textures/blocks/cy_vampire/garlic_stage0"},"cy_vampire:garlic_stage1":{"textures":"textures/blocks/cy_vampire/garlic_stage1"},"cy_vampire:garlic_stage2":{"textures":"textures/blocks/cy_vampire/garlic_stage2"},"cy_vampire:garlic_stage3":{"textures":"textures/blocks/cy_vampire/garlic_stage3"}}}