{"format_version":"1.12.0","minecraft:geometry":[{"description":{"identifier":"geometry.cy_vampire_double_crossbow","texture_width":64,"texture_height":64,"visible_bounds_width":6,"visible_bounds_height":5,"visible_bounds_offset":[0,1.5,0]},"bones":[{"name":"root","pivot":[0,0,0]},{"name":"waist","parent":"root","pivot":[0,24,0]},{"name":"rightArm","parent":"waist","pivot":[-5,22,-4]},{"name":"rightItem","parent":"rightArm","pivot":[-6,11,-3]},{"name":"weapon","parent":"rightItem","pivot":[-6,14,0],"cubes":[{"origin":[-8.15,10,-3.5],"size":[10,1,1],"pivot":[-5.99211,9.57895,-3],"rotation":[90,-15,-90],"uv":[38,59]},{"origin":[-0.15,8,-3.5],"size":[2,2,1],"pivot":[-5.99211,9.57895,-3],"rotation":[90,-15,-90],"uv":[45,57]},{"origin":[-1.15,9,-3.5],"size":[1,1,1],"pivot":[-5.99211,9.57895,-3],"rotation":[90,-15,-90],"uv":[53,56]},{"origin":[-3.15,11,-3.5],"size":[2,1,1],"pivot":[-5.99211,9.57895,-3],"rotation":[90,-15,-90],"uv":[45,44]},{"origin":[-8.9,9.75,-5.75],"size":[1,1.5,5.5],"inflate":-0.25,"pivot":[-5.99211,9.57895,-3],"rotation":[90,-15,-90],"uv":[37,41]},{"origin":[-8.4,9.75,-6.75],"size":[1,1.5,1.5],"inflate":-0.25,"pivot":[-5.99211,9.57895,-3],"rotation":[90,-15,-90],"uv":[37,41]},{"origin":[-7.9,9.75,-7.75],"size":[1,1.5,1.5],"inflate":-0.25,"pivot":[-5.99211,9.57895,-3],"rotation":[90,-15,-90],"uv":[37,41]},{"origin":[-8.4,9.75,-0.75],"size":[1,1.5,1.5],"inflate":-0.25,"pivot":[-5.99211,9.57895,-3],"rotation":[90,-15,-90],"uv":[37,41]},{"origin":[-7.9,9.75,0.25],"size":[1,1.5,1.5],"inflate":-0.25,"pivot":[-5.99211,9.57895,-3],"rotation":[90,-15,-90],"uv":[37,41]},{"origin":[-7.9,7.75,-7.75],"size":[1,1.5,1.5],"inflate":-0.25,"pivot":[-5.99211,9.57895,-3],"rotation":[90,-15,-90],"uv":[37,41]},{"origin":[-8.4,7.75,-6.75],"size":[1,1.5,1.5],"inflate":-0.25,"pivot":[-5.99211,9.57895,-3],"rotation":[90,-15,-90],"uv":[37,41]},{"origin":[-8.9,7.75,-5.75],"size":[1,1.5,5.5],"inflate":-0.25,"pivot":[-5.99211,9.57895,-3],"rotation":[90,-15,-90],"uv":[37,41]},{"origin":[-8.4,7.75,-0.75],"size":[1,1.5,1.5],"inflate":-0.25,"pivot":[-5.99211,9.57895,-3],"rotation":[90,-15,-90],"uv":[37,41]},{"origin":[-7.9,7.75,0.25],"size":[1,1.5,1.5],"inflate":-0.25,"pivot":[-5.99211,9.57895,-3],"rotation":[90,-15,-90],"uv":[37,41]},{"origin":[-8.15,8,-4.5],"size":[1,3,1],"pivot":[-5.99211,9.57895,-3],"rotation":[90,-15,-90],"uv":[60,60]},{"origin":[-8.15,8,-2.5],"size":[1,3,1],"pivot":[-5.99211,9.57895,-3],"rotation":[90,-15,-90],"uv":[60,60]},{"origin":[-5.15,8,-4.5],"size":[1,3,1],"pivot":[-5.99211,9.57895,-3],"rotation":[90,-15,-90],"uv":[60,60]},{"origin":[-5.15,8,-2.5],"size":[1,3,1],"pivot":[-5.99211,9.57895,-3],"rotation":[90,-15,-90],"uv":[60,60]},{"origin":[-8.15,8,-3.5],"size":[4,1,1],"pivot":[-5.99211,9.57895,-3],"rotation":[90,-15,-90],"uv":[45,62]}]}]}]}