{"format_version":"1.12.0","minecraft:geometry":[{"description":{"identifier":"geometry.cy_vampire_enhanced_tech_crossbow","texture_width":64,"texture_height":64,"visible_bounds_width":6,"visible_bounds_height":5,"visible_bounds_offset":[0,1.5,0]},"bones":[{"name":"root","pivot":[0,0,0]},{"name":"waist","parent":"root","pivot":[0,24,0]},{"name":"rightArm","parent":"waist","pivot":[-5,22,-4]},{"name":"rightItem","parent":"rightArm","pivot":[-6,11,-3]},{"name":"weapon","parent":"rightItem","pivot":[-6,14,0],"cubes":[{"origin":[-4.075,9.75,-5.25],"size":[5,2,2.5],"inflate":-0.25,"pivot":[-5.99605,10.90789,-4],"rotation":[90,-15,-90],"uv":[43,51]},{"origin":[-1.325,11.81579,-4.5],"size":[2,2,1],"pivot":[-5.99605,10.90789,-4],"rotation":[-90,-15,-90],"uv":[49,54]},{"origin":[-2.325,9,-4.5],"size":[1,1,1],"pivot":[-5.99605,10.90789,-4],"rotation":[90,-15,-90],"uv":[49,57]},{"origin":[-9.325,9,-4.5],"size":[2,1,1],"pivot":[-5.99605,10.90789,-4],"rotation":[90,-15,-90],"uv":[35,44]},{"origin":[-10.075,9.75,-6.75],"size":[1,2,5.5],"inflate":-0.25,"pivot":[-5.99605,10.90789,-4],"rotation":[90,-15,-90],"uv":[33,40]},{"origin":[-9.575,9.75,-7.75],"size":[1,2,1.5],"inflate":-0.25,"pivot":[-5.99605,10.90789,-4],"rotation":[90,-15,-90],"uv":[50,42]},{"origin":[-8.575,9.75,-9.75],"size":[1,2,1.5],"inflate":-0.25,"pivot":[-5.99605,10.90789,-4],"rotation":[90,-15,-90],"uv":[50,42]},{"origin":[-9.075,9.75,-8.75],"size":[1,2,1.5],"inflate":-0.25,"pivot":[-5.99605,10.90789,-4],"rotation":[90,-15,-90],"uv":[50,42]},{"origin":[-9.575,9.75,-1.75],"size":[1,2,1.5],"inflate":-0.25,"pivot":[-5.99605,10.90789,-4],"rotation":[90,-15,-90],"uv":[50,42]},{"origin":[-8.575,9.75,0.25],"size":[1,2,1.5],"inflate":-0.25,"pivot":[-5.99605,10.90789,-4],"rotation":[90,-15,-90],"uv":[50,42]},{"origin":[-9.075,9.75,-0.75],"size":[1,2,1.5],"inflate":-0.25,"pivot":[-5.99605,10.90789,-4],"rotation":[90,-15,-90],"uv":[50,42]},{"origin":[-6.825,9.75,-5.5],"size":[3,2,3],"pivot":[-5.99605,10.90789,-4],"rotation":[90,-15,-90],"uv":[40,35]},{"origin":[-10.075,11.25,-5.25],"size":[2.5,1,1],"inflate":-0.25,"pivot":[-5.99605,10.90789,-4],"rotation":[90,-15,-90],"uv":[39,43]},{"origin":[-10.075,11.25,-3.75],"size":[2.5,1,1],"inflate":-0.25,"pivot":[-5.99605,10.90789,-4],"rotation":[90,-15,-90],"uv":[49,43]},{"origin":[-9.575,9.75,-5.25],"size":[3,2,2.5],"inflate":-0.25,"pivot":[-5.99605,10.90789,-4],"rotation":[90,-15,-90],"uv":[52,50]},{"origin":[-7.075,11.5,-4.75],"size":[2.5,1,1.5],"inflate":-0.25,"pivot":[-5.99605,10.90789,-4],"rotation":[90,-15,-90],"uv":[58,33]},{"origin":[-2.325,11.75,-5.25],"size":[2,1,1],"inflate":-0.25,"pivot":[-5.99605,10.90789,-4],"rotation":[90,-15,-90],"uv":[36,43]},{"origin":[-2.325,11.75,-3.75],"size":[2,1,1],"inflate":-0.25,"pivot":[-5.99605,10.90789,-4],"rotation":[90,-15,-90],"uv":[51,44]},{"origin":[-2.325,11.25,-5.25],"size":[2,1,2.5],"inflate":-0.25,"pivot":[-5.99605,10.90789,-4],"rotation":[90,-15,-90],"uv":[37,43]}]}]}]}