{"format_version":"1.12.0","minecraft:geometry":[{"description":{"identifier":"geometry.cy_vampire_enhanced_crossbow","texture_width":64,"texture_height":64,"visible_bounds_width":6,"visible_bounds_height":5,"visible_bounds_offset":[0,1.5,0]},"bones":[{"name":"root","pivot":[0,0,0]},{"name":"waist","parent":"root","pivot":[0,24,0]},{"name":"rightArm","parent":"waist","pivot":[-5,22,-4]},{"name":"rightItem","parent":"rightArm","pivot":[-6,11,-3]},{"name":"weapon","parent":"rightItem","pivot":[-6,14,0],"cubes":[{"origin":[-9.075,10,-4.5],"size":[10,1,1],"pivot":[-6,10.375,-4],"rotation":[90,-15,-90],"uv":[38,50]},{"origin":[-1.075,8,-4.5],"size":[2,2,1],"pivot":[-6,10.375,-4],"rotation":[90,-15,-90],"uv":[45,48]},{"origin":[-2.075,9,-4.5],"size":[1,1,1],"pivot":[-6,10.375,-4],"rotation":[90,-15,-90],"uv":[46,49]},{"origin":[-4.075,11,-4.5],"size":[2,1,1],"pivot":[-6,10.375,-4],"rotation":[90,-15,-90],"uv":[50,43]},{"origin":[-9.825,10,-6.75],"size":[1,1.5,5.5],"inflate":-0.25,"pivot":[-6,10.375,-4],"rotation":[90,-15,-90],"uv":[36,41]},{"origin":[-9.325,10,-7.75],"size":[1,1.5,1.5],"inflate":-0.25,"pivot":[-6,10.375,-4],"rotation":[90,-15,-90],"uv":[36,43]},{"origin":[-8.825,10,-8.75],"size":[1,1.5,1.5],"inflate":-0.25,"pivot":[-6,10.375,-4],"rotation":[90,-15,-90],"uv":[36,43]},{"origin":[-9.325,10,-1.75],"size":[1,1.5,1.5],"inflate":-0.25,"pivot":[-6,10.375,-4],"rotation":[90,-15,-90],"uv":[36,43]},{"origin":[-8.825,10,-0.75],"size":[1,1.5,1.5],"inflate":-0.25,"pivot":[-6,10.375,-4],"rotation":[90,-15,-90],"uv":[36,43]},{"origin":[-9.075,9,-4.5],"size":[3,1,1],"pivot":[-6,10.375,-4],"rotation":[90,-15,-90],"uv":[51,52]}]}]}]}