{"format_version":"1.12.0","minecraft:geometry":[{"description":{"identifier":"geometry.cy_vampire_enhanced_double_crossbow","texture_width":64,"texture_height":64,"visible_bounds_width":6,"visible_bounds_height":5,"visible_bounds_offset":[0,1.5,0]},"bones":[{"name":"root","pivot":[0,0,0]},{"name":"waist","parent":"root","pivot":[0,24,0]},{"name":"rightArm","parent":"waist","pivot":[-5,22,-4]},{"name":"rightItem","parent":"rightArm","pivot":[-6,11,-3]},{"name":"weapon","parent":"rightItem","pivot":[-6,13,0],"cubes":[{"origin":[-8.15,9,-3.5],"size":[10,1,1],"pivot":[-5.99211,8.57895,-3],"rotation":[90,-15,-90],"uv":[37,54]},{"origin":[-0.15,7,-3.5],"size":[2,2,1],"pivot":[-5.99211,8.57895,-3],"rotation":[90,-15,-90],"uv":[49,51]},{"origin":[-1.15,8,-3.5],"size":[1,1,1],"pivot":[-5.99211,8.57895,-3],"rotation":[90,-15,-90],"uv":[52,51]},{"origin":[-3.15,10,-3.5],"size":[2,1,1],"pivot":[-5.99211,8.57895,-3],"rotation":[90,-15,-90],"uv":[45,44]},{"origin":[-8.9,8.75,-5.75],"size":[1,1.5,5.5],"inflate":-0.25,"pivot":[-5.99211,8.57895,-3],"rotation":[90,-15,-90],"uv":[37,41]},{"origin":[-8.4,8.75,-6.75],"size":[1,1.5,1.5],"inflate":-0.25,"pivot":[-5.99211,8.57895,-3],"rotation":[90,-15,-90],"uv":[37,41]},{"origin":[-7.9,8.75,-7.75],"size":[1,1.5,1.5],"inflate":-0.25,"pivot":[-5.99211,8.57895,-3],"rotation":[90,-15,-90],"uv":[37,41]},{"origin":[-8.4,8.75,-0.75],"size":[1,1.5,1.5],"inflate":-0.25,"pivot":[-5.99211,8.57895,-3],"rotation":[90,-15,-90],"uv":[37,41]},{"origin":[-7.9,8.75,0.25],"size":[1,1.5,1.5],"inflate":-0.25,"pivot":[-5.99211,8.57895,-3],"rotation":[90,-15,-90],"uv":[37,41]},{"origin":[-7.9,6.75,-7.75],"size":[1,1.5,1.5],"inflate":-0.25,"pivot":[-5.99211,8.57895,-3],"rotation":[90,-15,-90],"uv":[37,41]},{"origin":[-8.4,6.75,-6.75],"size":[1,1.5,1.5],"inflate":-0.25,"pivot":[-5.99211,8.57895,-3],"rotation":[90,-15,-90],"uv":[37,41]},{"origin":[-8.9,6.75,-5.75],"size":[1,1.5,5.5],"inflate":-0.25,"pivot":[-5.99211,8.57895,-3],"rotation":[90,-15,-90],"uv":[37,41]},{"origin":[-8.4,6.75,-0.75],"size":[1,1.5,1.5],"inflate":-0.25,"pivot":[-5.99211,8.57895,-3],"rotation":[90,-15,-90],"uv":[37,41]},{"origin":[-7.9,6.75,0.25],"size":[1,1.5,1.5],"inflate":-0.25,"pivot":[-5.99211,8.57895,-3],"rotation":[90,-15,-90],"uv":[37,41]},{"origin":[-8.15,7,-4.5],"size":[1,3,1],"pivot":[-5.99211,8.57895,-3],"rotation":[90,-15,-90],"uv":[60,52]},{"origin":[-8.15,7,-2.5],"size":[1,3,1],"pivot":[-5.99211,8.57895,-3],"rotation":[90,-15,-90],"uv":[60,52]},{"origin":[-5.15,7,-4.5],"size":[1,3,1],"pivot":[-5.99211,8.57895,-3],"rotation":[90,-15,-90],"uv":[60,52]},{"origin":[-5.15,7,-2.5],"size":[1,3,1],"pivot":[-5.99211,8.57895,-3],"rotation":[90,-15,-90],"uv":[60,52]},{"origin":[-8.15,7,-3.5],"size":[4,1,1],"pivot":[-5.99211,8.57895,-3],"rotation":[90,-15,-90],"uv":[48,54]}]}]}]}