{"format_version":"1.12.0","minecraft:geometry":[{"description":{"identifier":"geometry.cy_vampire_enhanced_heartseeker","texture_width":32,"texture_height":32,"visible_bounds_width":3,"visible_bounds_height":3.5,"visible_bounds_offset":[0,1.25,0]},"bones":[{"name":"root","pivot":[0,0,0]},{"name":"waist","parent":"root","pivot":[0,24,0]},{"name":"rightArm","parent":"waist","pivot":[-5,22,-4]},{"name":"rightItem","parent":"rightArm","pivot":[-6,11,-3]},{"name":"weapon","parent":"rightItem","pivot":[-6,14,-2],"rotation":[90,0,90],"cubes":[{"origin":[-10.06815,7.48236,-2.5],"size":[2,7,1],"pivot":[-11,22.5,-2],"rotation":[0,0,-15],"uv":{"north":{"uv":[14,25],"uv_size":[3,7]},"east":{"uv":[18,25],"uv_size":[2,7]},"south":{"uv":[14,25],"uv_size":[3,7]},"west":{"uv":[18,25],"uv_size":[2,7]},"up":{"uv":[12,32],"uv_size":[-3,-1]},"down":{"uv":[12,32],"uv_size":[-3,-1]}}},{"origin":[-13.56815,14.48236,-3],"size":[9,1,2],"pivot":[-11,22.5,-2],"rotation":[0,0,-15],"uv":{"north":{"uv":[1,21],"uv_size":[9,1]},"east":{"uv":[1,19],"uv_size":[1,1]},"south":{"uv":[1,21],"uv_size":[9,1]},"west":{"uv":[1,19],"uv_size":[1,1]},"up":{"uv":[10,28],"uv_size":[-9,-2]},"down":{"uv":[10,25],"uv_size":[-9,-2]}}},{"origin":[-10.06815,31.98236,-2.5],"size":[2,8,1],"pivot":[-11,22.5,-2],"rotation":[0,0,-15],"uv":{"north":{"uv":[26,4],"uv_size":[2,8]},"east":{"uv":[30,4],"uv_size":[1,8]},"south":{"uv":[26,4],"uv_size":[2,8]},"west":{"uv":[30,4],"uv_size":[1,8]},"up":{"uv":[31,7],"uv_size":[-1,-1]},"down":{"uv":[1,1],"uv_size":[-1,-1]}}},{"origin":[-10.56815,24.48236,-2.5],"size":[3,8,1],"pivot":[-11,22.5,-2],"rotation":[0,0,-15],"uv":{"north":{"uv":[25,12],"uv_size":[3,8]},"east":{"uv":[30,12],"uv_size":[1,8]},"south":{"uv":[25,12],"uv_size":[3,8]},"west":{"uv":[30,12],"uv_size":[1,8]},"up":{"uv":[31,12],"uv_size":[-1,-1]},"down":{"uv":[1,1],"uv_size":[-1,-1]}}},{"origin":[-11.06815,15.48236,-2.5],"size":[4,9,1],"pivot":[-11,22.5,-2],"rotation":[0,0,-15],"uv":{"north":{"uv":[25,20],"uv_size":[4,9]},"east":{"uv":[30,20],"uv_size":[1,9]},"south":{"uv":[25,20],"uv_size":[4,9]},"west":{"uv":[30,20],"uv_size":[1,9]},"up":{"uv":[31,21],"uv_size":[-1,-1]},"down":{"uv":[1,1],"uv_size":[-1,-1]}}}]}]}]}