{"format_version":"1.12.0","minecraft:geometry":[{"description":{"identifier":"geometry.cy_vampire_enhanced_heartstriker","texture_width":32,"texture_height":32,"visible_bounds_width":3,"visible_bounds_height":3.5,"visible_bounds_offset":[0,1.25,0]},"bones":[{"name":"root","pivot":[0,0,0]},{"name":"waist","parent":"root","pivot":[0,24,0]},{"name":"rightArm","parent":"waist","pivot":[-5,22,-4]},{"name":"rightItem","parent":"rightArm","pivot":[-6,11,-3]},{"name":"weapon","parent":"rightItem","pivot":[-6,14,-2],"rotation":[90,0,90],"cubes":[{"origin":[-10.06815,7.48236,-2.5],"size":[2,7,1],"pivot":[-11,22.5,-2],"rotation":[0,0,-15],"uv":{"north":{"uv":[14,25],"uv_size":[3,7]},"east":{"uv":[18,25],"uv_size":[2,7]},"south":{"uv":[14,25],"uv_size":[3,7]},"west":{"uv":[18,25],"uv_size":[2,7]},"up":{"uv":[12,32],"uv_size":[-3,-1]},"down":{"uv":[12,32],"uv_size":[-3,-1]}}},{"origin":[-13.56815,14.48236,-3],"size":[9,1,2],"pivot":[-11,22.5,-2],"rotation":[0,0,-15],"uv":{"north":{"uv":[1,21],"uv_size":[9,1]},"east":{"uv":[1,19],"uv_size":[1,1]},"south":{"uv":[1,21],"uv_size":[9,1]},"west":{"uv":[1,19],"uv_size":[1,1]},"up":{"uv":[10,28],"uv_size":[-9,-2]},"down":{"uv":[10,25],"uv_size":[-9,-2]}}},{"origin":[-11.06815,15.48236,-2.5],"size":[1,25,1],"pivot":[-11,22.5,-2],"rotation":[0,0,-15],"uv":{"north":{"uv":[24,7],"uv_size":[2,25]},"east":{"uv":[21,7],"uv_size":[2,25]},"south":{"uv":[26,7],"uv_size":[-2,25]},"west":{"uv":[21,7],"uv_size":[2,25]},"up":{"uv":[20,24],"uv_size":[-6,-2]},"down":{"uv":[1,1],"uv_size":[-1,-1]}}},{"origin":[-10.06815,15.48236,-2.5],"size":[1,23,1],"pivot":[-11,22.5,-2],"rotation":[0,0,-15],"uv":{"north":{"uv":[26,9],"uv_size":[2,23]},"east":{"uv":[21,7],"uv_size":[2,25]},"south":{"uv":[28,9],"uv_size":[-2,23]},"west":{"uv":[21,7],"uv_size":[2,25]},"up":{"uv":[20,24],"uv_size":[-6,-2]},"down":{"uv":[1,1],"uv_size":[-1,-1]}}},{"origin":[-9.06815,15.48236,-2.5],"size":[1,21,1],"pivot":[-11,22.5,-2],"rotation":[0,0,-15],"uv":{"north":{"uv":[28,11],"uv_size":[2,21]},"east":{"uv":[21,7],"uv_size":[2,25]},"south":{"uv":[30,11],"uv_size":[-2,21]},"west":{"uv":[21,7],"uv_size":[2,25]},"up":{"uv":[20,24],"uv_size":[-6,-2]},"down":{"uv":[1,1],"uv_size":[-1,-1]}}},{"origin":[-8.06815,15.48236,-2.5],"size":[1,19,1],"pivot":[-11,22.5,-2],"rotation":[0,0,-15],"uv":{"north":{"uv":[30,13],"uv_size":[2,19]},"east":{"uv":[21,7],"uv_size":[2,25]},"south":{"uv":[32,13],"uv_size":[-2,19]},"west":{"uv":[21,7],"uv_size":[2,25]},"up":{"uv":[20,24],"uv_size":[-6,-2]},"down":{"uv":[1,1],"uv_size":[-1,-1]}}}]}]}]}