{"format_version":"1.12.0","minecraft:geometry":[{"description":{"identifier":"geometry.ghost","texture_width":32,"texture_height":32,"visible_bounds_width":2,"visible_bounds_height":3.5,"visible_bounds_offset":[0,1.25,0]},"bones":[{"name":"root","pivot":[0,9,0]},{"name":"waist","parent":"root","pivot":[0,18,0],"cubes":[{"origin":[-4,12,-2.825],"size":[4,12,4],"pivot":[0,12,-2.825],"rotation":[0,45,0],"uv":[0,12]}]},{"name":"head","parent":"waist","pivot":[0,25,0],"cubes":[{"origin":[-3,25,-3],"size":[6,6,6],"uv":[0,0]}]},{"name":"rightArm","parent":"waist","pivot":[-3,23,0],"cubes":[{"origin":[3,12,-1.5],"size":[2,12,3],"uv":[16,13]}]},{"name":"leftArm","parent":"waist","pivot":[3,23,0],"cubes":[{"origin":[-5,12,-1.5],"size":[2,12,3],"uv":[16,13],"mirror":true}]}]}]}