{"format_version":"1.12.0","minecraft:geometry":[{"description":{"identifier":"geometry.hunter_hat0","texture_width":64,"texture_height":64,"visible_bounds_width":6,"visible_bounds_height":5,"visible_bounds_offset":[0,1.5,0]},"bones":[{"name":"root","pivot":[0,0,0]},{"name":"head","parent":"root","pivot":[0,24,0]},{"name":"helmet","parent":"head","pivot":[0,24,0],"cubes":[{"origin":[-7,25,-0.5],"size":[14,14,1],"pivot":[0,32,0],"rotation":[-90,0,0],"uv":[0,49]},{"origin":[-4,30,-1.5],"size":[8,8,3],"pivot":[0,34,0],"rotation":[-90,0,0],"uv":[0,53]}]}]}]}