{"format_version":"1.12.0","minecraft:geometry":[{"description":{"identifier":"geometry.hunter_hat1","texture_width":64,"texture_height":64,"visible_bounds_width":6,"visible_bounds_height":5,"visible_bounds_offset":[0,1.5,0]},"bones":[{"name":"root","pivot":[0,0,0]},{"name":"head","parent":"root","pivot":[0,24,0]},{"name":"helmet","parent":"head","pivot":[0,24,0],"cubes":[{"origin":[-5,27,-0.5],"size":[10,10,1],"pivot":[0,32,0],"rotation":[-90,0,0],"uv":[0,53]},{"origin":[-4,30,-4.5],"size":[8,8,6],"pivot":[0,34,0],"rotation":[-90,0,0],"uv":[0,50]}]}]}]}