{"format_version":"1.12.0","minecraft:geometry":[{"description":{"identifier":"geometry.vampire_red_eyes","texture_width":16,"texture_height":16,"visible_bounds_width":2,"visible_bounds_height":3.5,"visible_bounds_offset":[0,1.25,0]},"bones":[{"name":"root","pivot":[0,0,0]},{"name":"waist","parent":"root","pivot":[0,24,0]},{"name":"head","parent":"waist","pivot":[0,24,0]},{"name":"eyes","parent":"head","pivot":[0,24,0],"cubes":[{"origin":[-4,24,-4.25],"size":[8,8,0],"uv":{"north":{"uv":[0,0],"uv_size":[8,8]}}}]}]}]}