{"format_version":"1.12.0","minecraft:geometry":[{"description":{"identifier":"geometry.cy_vampire_stake","texture_width":64,"texture_height":64,"visible_bounds_width":6,"visible_bounds_height":5,"visible_bounds_offset":[0,1.5,0]},"bones":[{"name":"root","pivot":[0,0,0]},{"name":"waist","parent":"root","pivot":[0,24,0]},{"name":"rightArm","parent":"waist","pivot":[-5,22,-4]},{"name":"rightItem","parent":"rightArm","pivot":[-6,11,-3]},{"name":"weapon","parent":"rightItem","pivot":[-6,13,0],"rotation":[90,0,0],"cubes":[{"origin":[-6.5,15,0],"size":[1,6,1],"uv":[56,0]}]}]}]}