{"format_version":"1.12.0","minecraft:geometry":[{"description":{"identifier":"geometry.cy_vampire_ultimate_hunter_axe","texture_width":64,"texture_height":64,"visible_bounds_width":6,"visible_bounds_height":5,"visible_bounds_offset":[0,1.5,0]},"bones":[{"name":"root","pivot":[0,0,0]},{"name":"waist","parent":"root","pivot":[0,24,0]},{"name":"rightArm","parent":"waist","pivot":[-5,22,-4]},{"name":"rightItem","parent":"rightArm","pivot":[-6,11,-3]},{"name":"weapon","parent":"rightItem","pivot":[-6,13,0],"cubes":[{"origin":[-6.5,16,-9],"size":[13,1,1],"pivot":[-6,14.25,-8.5],"rotation":[-90,-75,90],"uv":[36,38]},{"origin":[-9.5,11,-9],"size":[3,7,1],"pivot":[-6,14.25,-8.5],"rotation":[-90,-75,90],"uv":[48,0]},{"origin":[-10.35876,14.84099,-9],"size":[2,2,1],"inflate":-0.1,"pivot":[-6,14.25,-8.5],"rotation":[90,-60,-90],"uv":[20,41]},{"origin":[-8.23744,12.71967,-9],"size":[2,2,1],"inflate":-0.1,"pivot":[-6,14.25,-8.5],"rotation":[90,-60,-90],"uv":[26,41]}]}]}]}