{"format_version":"1.12.0","minecraft:geometry":[{"description":{"identifier":"geometry.undercover_hunter_trainer","texture_width":64,"texture_height":64,"visible_bounds_width":6,"visible_bounds_height":5,"visible_bounds_offset":[0,1.5,0]},"bones":[{"name":"root","pivot":[0,0,0],"cubes":[{"origin":[-1,0,0],"size":[1,1,1],"uv":[0,0]}]},{"name":"body","parent":"root","pivot":[0,12,0],"cubes":[{"origin":[-4,12,-2],"size":[8,12,4],"uv":[16,16]}]},{"name":"cape","parent":"body","pivot":[0,24,2.75],"cubes":[{"origin":[-7,5,2.25],"size":[14,19,1],"uv":[0,44]}]},{"name":"rightArm","parent":"root","pivot":[-5,22,0],"cubes":[{"origin":[-8,12,-2],"size":[4,12,4],"uv":[40,16]}]},{"name":"leftArm","parent":"root","pivot":[5,22,0],"cubes":[{"origin":[4,12,-2],"size":[4,12,4],"uv":[40,16],"mirror":true}]},{"name":"rightLeg","parent":"root","pivot":[-2,12,0],"cubes":[{"origin":[-4,0,-2],"size":[4,12,4],"uv":[0,16]}]},{"name":"leftLeg","parent":"root","pivot":[2,12,0],"cubes":[{"origin":[0,0,-2],"size":[4,12,4],"uv":[0,16],"mirror":true}]},{"name":"head","parent":"root","pivot":[0,24,0],"cubes":[{"origin":[-4,24,-4],"size":[8,8,8],"uv":[0,0]}]}]}]}