{"format_version":"1.12.0","minecraft:geometry":[{"description":{"identifier":"geometry.vampire","texture_width":64,"texture_height":64,"visible_bounds_width":6,"visible_bounds_height":5,"visible_bounds_offset":[0,1.5,0]},"bones":[{"name":"root","pivot":[0,0,0]},{"name":"body","parent":"root","pivot":[0,12,0],"cubes":[{"origin":[-4,12,-2],"size":[8,12,4],"uv":[16,16]},{"origin":[-4,12,-2],"size":[8,12,4],"inflate":0.5,"uv":[16,32]}]},{"name":"rightArm","parent":"root","pivot":[-5,22,0],"cubes":[{"origin":[-8,12,-2],"size":[4,12,4],"uv":[32,48]},{"origin":[-8,12,-2],"size":[4,12,4],"inflate":0.5,"uv":[48,48]}]},{"name":"leftArm","parent":"root","pivot":[5,22,0],"cubes":[{"origin":[4,12,-2],"size":[4,12,4],"uv":[40,16],"mirror":true},{"origin":[4,12,-2],"size":[4,12,4],"inflate":0.5,"uv":[40,32],"mirror":true}]},{"name":"rightLeg","parent":"root","pivot":[-2,12,0],"cubes":[{"origin":[-4,0,-2],"size":[4,12,4],"uv":[16,48]},{"origin":[-4,0,-2],"size":[4,12,4],"inflate":0.5,"uv":[0,48]}]},{"name":"leftLeg","parent":"root","pivot":[2,12,0],"cubes":[{"origin":[0,0,-2],"size":[4,12,4],"uv":[0,16],"mirror":true},{"origin":[0,0,-2],"size":[4,12,4],"inflate":0.5,"uv":[0,32],"mirror":true}]},{"name":"head","parent":"root","pivot":[0,24,0],"cubes":[{"origin":[-4,24,-4],"size":[8,8,8],"uv":[0,0]},{"origin":[-4,24,-4],"size":[8,8,8],"inflate":0.5,"uv":[32,0]}]}]}]}