{"format_version":"1.12.0","minecraft:geometry":[{"description":{"identifier":"geometry.hunter","texture_width":64,"texture_height":64,"visible_bounds_width":6,"visible_bounds_height":5,"visible_bounds_offset":[0,1.5,0]},"bones":[{"name":"root","pivot":[0,0,0]},{"name":"body","parent":"root","pivot":[0,12,0],"cubes":[{"origin":[-4,12,-2],"size":[8,12,4],"uv":[16,16]}]},{"name":"cape","parent":"body","pivot":[0,24,2.75],"cubes":[{"origin":[-7,5,2.25],"size":[14,19,1],"uv":[0,44]}]},{"name":"rightArm","parent":"root","pivot":[-5,22,0],"cubes":[{"origin":[-8,12,-2],"size":[4,12,4],"uv":[40,16]}]},{"name":"stake_r","parent":"rightArm","pivot":[-6,13,0],"rotation":[90,0,0],"cubes":[{"origin":[-6.5,15,0],"size":[1,6,1],"uv":[56,0]}]},{"name":"hunter_axe_r","parent":"rightArm","pivot":[-6,13,0],"cubes":[{"origin":[-6.5,3.25,-10.75],"size":[1,15,1],"pivot":[-6,13.5,-10.25],"rotation":[90,0,0],"uv":[60,0]},{"origin":[-10.75,10,-10.75],"size":[4,7,1],"inflate":-0.1,"pivot":[-6,13.5,-10.25],"rotation":[0,-90,0],"uv":[50,8]}]},{"name":"leftArm","parent":"root","pivot":[5,22,0],"cubes":[{"origin":[4,12,-2],"size":[4,12,4],"uv":[40,16],"mirror":true}]},{"name":"stake_l","parent":"leftArm","pivot":[6,13,0],"rotation":[90,0,0],"cubes":[{"origin":[5.5,15,0],"size":[1,6,1],"uv":[56,0],"mirror":true}]},{"name":"rightLeg","parent":"root","pivot":[-2,12,0],"cubes":[{"origin":[-4,0,-2],"size":[4,12,4],"uv":[0,16]}]},{"name":"leftLeg","parent":"root","pivot":[2,12,0],"cubes":[{"origin":[0,0,-2],"size":[4,12,4],"uv":[0,16],"mirror":true}]},{"name":"head","parent":"root","pivot":[0,24,0],"cubes":[{"origin":[-4,24,-4],"size":[8,8,8],"uv":[0,0]}]},{"name":"helmet1","parent":"head","pivot":[0,24,0],"cubes":[{"origin":[-7,25.5,-0.5],"size":[14,14,1],"pivot":[0,32.5,0],"rotation":[-90,0,0],"uv":[0,49]},{"origin":[-4,30.5,-1.5],"size":[8,8,3],"pivot":[0,34.5,0],"rotation":[-90,0,0],"uv":[0,53]}]}]}]}