{"format_version":"1.12.0","minecraft:geometry":[{"description":{"identifier":"geometry.vampire_cloak","texture_width":64,"texture_height":64,"visible_bounds_width":2,"visible_bounds_height":2,"visible_bounds_offset":[0,1,0]},"bones":[{"name":"root","pivot":[0,0,0]},{"name":"waist","parent":"root","pivot":[0,12,0]},{"name":"body","parent":"waist","pivot":[0,24,-18]},{"name":"cape","parent":"body","pivot":[0,24,3],"cubes":[{"origin":[-4,8.15138,5.98478],"size":[8,15,1],"uv":{"north":{"uv":[1,49],"uv_size":[8,15]},"east":{"uv":[0,49],"uv_size":[1,15]},"south":{"uv":[10,49],"uv_size":[8,15]},"west":{"uv":[9,49],"uv_size":[1,15]},"up":{"uv":[1,48],"uv_size":[8,1]},"down":{"uv":[9,49],"uv_size":[8,-1]}}},{"origin":[4,8.15138,5.98478],"size":[1,15,1],"uv":{"north":{"uv":[19,49],"uv_size":[1,15]},"east":{"uv":[18,49],"uv_size":[1,15]},"south":{"uv":[21,49],"uv_size":[1,15]},"west":{"uv":[20,49],"uv_size":[1,15]},"up":{"uv":[19,48],"uv_size":[1,1]},"down":{"uv":[20,49],"uv_size":[1,-1]}}},{"origin":[4,10.15138,4.98478],"size":[1,13,1],"uv":{"north":{"uv":[23,51],"uv_size":[1,13]},"east":{"uv":[22,51],"uv_size":[1,13]},"south":{"uv":[25,51],"uv_size":[1,13]},"west":{"uv":[24,51],"uv_size":[1,13]},"up":{"uv":[23,50],"uv_size":[1,1]},"down":{"uv":[24,51],"uv_size":[1,-1]}}},{"origin":[-5,10.15138,4.98478],"size":[1,13,1],"uv":{"north":{"uv":[23,51],"uv_size":[1,13]},"east":{"uv":[22,51],"uv_size":[1,13]},"south":{"uv":[25,51],"uv_size":[1,13]},"west":{"uv":[24,51],"uv_size":[1,13]},"up":{"uv":[23,50],"uv_size":[1,1]},"down":{"uv":[24,51],"uv_size":[1,-1]}}},{"origin":[4,12.15138,3.98478],"size":[1,11,1],"uv":{"north":{"uv":[27,53],"uv_size":[1,11]},"east":{"uv":[26,53],"uv_size":[1,11]},"south":{"uv":[29,53],"uv_size":[1,11]},"west":{"uv":[28,53],"uv_size":[1,11]},"up":{"uv":[27,52],"uv_size":[1,1]},"down":{"uv":[28,53],"uv_size":[1,-1]}}},{"origin":[-5,12.15138,3.98478],"size":[1,11,1],"uv":{"north":{"uv":[27,53],"uv_size":[1,11]},"east":{"uv":[26,53],"uv_size":[1,11]},"south":{"uv":[29,53],"uv_size":[1,11]},"west":{"uv":[28,53],"uv_size":[1,11]},"up":{"uv":[27,52],"uv_size":[1,1]},"down":{"uv":[28,53],"uv_size":[1,-1]}}},{"origin":[3,22.15138,2.98478],"size":[1,1,3],"uv":{"north":{"uv":[33,63],"uv_size":[1,1]},"east":{"uv":[30,63],"uv_size":[3,1]},"south":{"uv":[37,63],"uv_size":[1,1]},"west":{"uv":[34,63],"uv_size":[3,1]},"up":{"uv":[33,60],"uv_size":[1,3]},"down":{"uv":[34,63],"uv_size":[1,-3]}}},{"origin":[-3,22.15138,3.98478],"size":[6,1,2],"uv":{"north":{"uv":[21,18],"uv_size":[6,1]},"east":{"uv":[19,18],"uv_size":[2,1]},"south":{"uv":[29,18],"uv_size":[6,1]},"west":{"uv":[27,18],"uv_size":[2,1]},"up":{"uv":[21,16],"uv_size":[6,2]},"down":{"uv":[27,18],"uv_size":[6,-2]}}},{"origin":[-4,22.15138,2.98478],"size":[1,1,3],"uv":{"north":{"uv":[33,63],"uv_size":[1,1]},"east":{"uv":[30,63],"uv_size":[3,1]},"south":{"uv":[37,63],"uv_size":[1,1]},"west":{"uv":[34,63],"uv_size":[3,1]},"up":{"uv":[33,60],"uv_size":[1,3]},"down":{"uv":[34,63],"uv_size":[1,-3]}}},{"origin":[-5,8.15138,5.98478],"size":[1,15,1],"uv":{"north":{"uv":[19,49],"uv_size":[1,15]},"east":{"uv":[18,49],"uv_size":[1,15]},"south":{"uv":[21,49],"uv_size":[1,15]},"west":{"uv":[20,49],"uv_size":[1,15]},"up":{"uv":[19,48],"uv_size":[1,1]},"down":{"uv":[20,49],"uv_size":[1,-1]}}}]}]}]}