{"format_version":"1.12.0","minecraft:geometry":[{"description":{"identifier":"geometry.vampire_baron","texture_width":64,"texture_height":64,"visible_bounds_width":4,"visible_bounds_height":3.5,"visible_bounds_offset":[0,1.25,0]},"bones":[{"name":"root","pivot":[0,0,0]},{"name":"body","parent":"root","pivot":[0,12,0],"cubes":[{"origin":[-4,12,-2],"size":[8,12,4],"uv":[16,16]},{"origin":[-11,23,-0.5],"size":[7,3,3],"pivot":[-9,24.5,1],"rotation":[0,0,45],"uv":[3,49]},{"origin":[9.35,23.975,-0.5],"size":[7,3,3],"uv":[6,49],"mirror":true},{"origin":[4,23,-0.5],"size":[7,3,3],"pivot":[9,24.5,1],"rotation":[0,0,-45],"uv":[3,49],"mirror":true},{"origin":[-16.35,23.975,-0.5],"size":[7,3,3],"uv":[6,49]}]},{"name":"cape","parent":"body","pivot":[0,24,2.75],"cubes":[{"origin":[-5.5,4,2.25],"size":[11,20,1],"uv":[38,34]}]},{"name":"rightLeg","parent":"root","pivot":[-2,12,0],"cubes":[{"origin":[-4,0,-2],"size":[4,12,4],"uv":[0,16]}]},{"name":"leftLeg","parent":"root","pivot":[2,12,0],"cubes":[{"origin":[0,0,-2],"size":[4,12,4],"uv":[0,16],"mirror":true}]},{"name":"rightArm","parent":"root","pivot":[-5,22,0],"cubes":[{"origin":[-8,12,-2],"size":[4,12,4],"uv":[40,16],"mirror":true}]},{"name":"leftArm","parent":"root","pivot":[5,22,0],"cubes":[{"origin":[4,12,-2],"size":[4,12,4],"uv":[40,16]}]},{"name":"head","parent":"root","pivot":[0,24,0],"cubes":[{"origin":[-4,24,-4],"size":[8,8,8],"uv":[0,0]}]}]}]}