{"format_version":"1.13.0","netease:block_geometry":{"bones":[{"name":"root","pivot":[0,0,0],"cubes":[{"origin":[-11.2,0,1.6],"size":[6.4,2.4,2.4],"uv":{"north":{"uv":[0.0,1.5],"uv_size":[4.0,1.5]},"east":{"uv":[6.5,0.0],"uv_size":[1.5,1.5]},"south":{"uv":[0.0,4.5],"uv_size":[4.0,1.5]},"west":{"uv":[6.5,0.0],"uv_size":[1.5,1.5]},"up":{"uv":[4.0,4.5],"uv_size":[-4.0,-1.5]},"down":{"uv":[4.0,1.5],"uv_size":[-4.0,-1.5]}}},{"origin":[-14.4,0,4.8],"size":[2.4,2.4,6.4],"uv":{"north":{"uv":[6.5,0.0],"uv_size":[1.5,1.5]},"east":{"uv":[0.0,1.5],"uv_size":[4.0,1.5]},"south":{"uv":[6.5,0.0],"uv_size":[1.5,1.5]},"west":{"uv":[0.0,4.5],"uv_size":[4.0,1.5]},"up":{"uv":[4.0,4.5],"uv_size":[-4.0,-1.5]},"down":{"uv":[4.0,1.5],"uv_size":[-4.0,-1.5]}}},{"origin":[-11.2,0,12],"size":[6.4,2.4,2.4],"uv":{"north":{"uv":[0.0,4.5],"uv_size":[4.0,1.5]},"east":{"uv":[6.5,0.0],"uv_size":[1.5,1.5]},"south":{"uv":[0.0,1.5],"uv_size":[4.0,1.5]},"west":{"uv":[6.5,0.0],"uv_size":[1.5,1.5]},"up":{"uv":[4.0,4.5],"uv_size":[-4.0,-1.5]},"down":{"uv":[4.0,1.5],"uv_size":[-4.0,-1.5]}}},{"origin":[-4,0,4.8],"size":[2.4,2.4,6.4],"uv":{"north":{"uv":[6.5,0.0],"uv_size":[1.5,1.5]},"east":{"uv":[0.0,4.5],"uv_size":[4.0,1.5]},"south":{"uv":[6.5,0.0],"uv_size":[1.5,1.5]},"west":{"uv":[0.0,1.5],"uv_size":[4.0,1.5]},"up":{"uv":[4.0,4.5],"uv_size":[-4.0,-1.5]},"down":{"uv":[4.0,1.5],"uv_size":[-4.0,-1.5]}}},{"origin":[-11.2,0.02,2.2],"size":[6.4,2.58,2.4],"pivot":[-8,0,8],"rotation":[0,45,0],"uv":{"north":{"uv":[4.0,5.0],"uv_size":[4.0,1.5]},"east":{"uv":[6.5,0.0],"uv_size":[1.5,1.5]},"south":{"uv":[4.0,2.0],"uv_size":[4.0,1.5]},"west":{"uv":[6.5,0.0],"uv_size":[1.5,1.5]},"up":{"uv":[8.0,5.0],"uv_size":[-4.0,-1.5]},"down":{"uv":[8.0,8.0],"uv_size":[-4.0,-1.5]}}},{"origin":[-11.2,0.02,2.2],"size":[6.4,2.58,2.4],"pivot":[-8,0,8],"rotation":[0,135,0],"uv":{"north":{"uv":[4.0,5.0],"uv_size":[4.0,1.5]},"east":{"uv":[6.5,0.0],"uv_size":[1.5,1.5]},"south":{"uv":[4.0,2.0],"uv_size":[4.0,1.5]},"west":{"uv":[6.5,0.0],"uv_size":[1.5,1.5]},"up":{"uv":[8.0,5.0],"uv_size":[-4.0,-1.5]},"down":{"uv":[8.0,8.0],"uv_size":[-4.0,-1.5]}}},{"origin":[-11.2,0.02,2.2],"size":[6.4,2.58,2.4],"pivot":[-8,0,8],"rotation":[0,-45,0],"uv":{"north":{"uv":[4.0,5.0],"uv_size":[4.0,1.5]},"east":{"uv":[6.5,0.0],"uv_size":[1.5,1.5]},"south":{"uv":[4.0,2.0],"uv_size":[4.0,1.5]},"west":{"uv":[6.5,0.0],"uv_size":[1.5,1.5]},"up":{"uv":[8.0,5.0],"uv_size":[-4.0,-1.5]},"down":{"uv":[8.0,8.0],"uv_size":[-4.0,-1.5]}}},{"origin":[-11.2,0.02,11.4],"size":[6.4,2.58,2.4],"pivot":[-8,0,8],"rotation":[0,45,0],"uv":{"north":{"uv":[4.0,2.0],"uv_size":[4.0,1.5]},"east":{"uv":[6.5,0.0],"uv_size":[1.5,1.5]},"south":{"uv":[4.0,5.0],"uv_size":[4.0,1.5]},"west":{"uv":[6.5,0.0],"uv_size":[1.5,1.5]},"up":{"uv":[8.0,5.0],"uv_size":[-4.0,-1.5]},"down":{"uv":[8.0,8.0],"uv_size":[-4.0,-1.5]}}},{"origin":[-12,0,4],"size":[8,0.8,8],"uv":{"north":{"uv":[1.5,9.0],"uv_size":[5.0,0.5]},"east":{"uv":[1.5,9.0],"uv_size":[5.0,0.5]},"south":{"uv":[1.5,9.0],"uv_size":[5.0,0.5]},"west":{"uv":[1.5,9.0],"uv_size":[5.0,0.5]},"up":{"uv":[6.5,14.5],"uv_size":[-5.0,-5.0]},"down":{"uv":[6.5,14.5],"uv_size":[-5.0,-5.0]}}},{"origin":[-14,0,2],"size":[1,9,1],"uv":{"north":{"uv":[15.5,8.0],"uv_size":[0.5,4.5]},"east":{"uv":[15.5,8.0],"uv_size":[0.5,4.5]},"south":{"uv":[15.5,8.0],"uv_size":[0.5,4.5]},"west":{"uv":[15.5,8.0],"uv_size":[0.5,4.5]},"down":{"uv":[16.0,0.5],"uv_size":[-0.5,-0.5]}}},{"origin":[-14,0,13],"size":[1,9,1],"uv":{"north":{"uv":[15.5,8.0],"uv_size":[0.5,4.5]},"east":{"uv":[15.5,8.0],"uv_size":[0.5,4.5]},"south":{"uv":[15.5,8.0],"uv_size":[0.5,4.5]},"west":{"uv":[15.5,8.0],"uv_size":[0.5,4.5]},"down":{"uv":[16.0,0.5],"uv_size":[-0.5,-0.5]}}},{"origin":[-3,0,13],"size":[1,9,1],"uv":{"north":{"uv":[15.5,8.0],"uv_size":[0.5,4.5]},"east":{"uv":[15.5,8.0],"uv_size":[0.5,4.5]},"south":{"uv":[15.5,8.0],"uv_size":[0.5,4.5]},"west":{"uv":[15.5,8.0],"uv_size":[0.5,4.5]},"down":{"uv":[16.0,0.5],"uv_size":[-0.5,-0.5]}}},{"origin":[-3,0,2],"size":[1,9,1],"uv":{"north":{"uv":[15.5,8.0],"uv_size":[0.5,4.5]},"east":{"uv":[15.5,8.0],"uv_size":[0.5,4.5]},"south":{"uv":[15.5,8.0],"uv_size":[0.5,4.5]},"west":{"uv":[15.5,8.0],"uv_size":[0.5,4.5]},"down":{"uv":[16.0,0.5],"uv_size":[-0.5,-0.5]}}},{"origin":[-11,5,5],"size":[6,1,6],"uv":{"north":{"uv":[10.5,4.5],"uv_size":[3.0,0.5]},"east":{"uv":[10.5,4.5],"uv_size":[3.0,0.5]},"south":{"uv":[10.5,4.5],"uv_size":[3.0,0.5]},"west":{"uv":[10.5,4.5],"uv_size":[3.0,0.5]},"up":{"uv":[3.0,3.0],"uv_size":[-3.0,-3.0]},"down":{"uv":[13.5,5.5],"uv_size":[-3.0,-3.0]}}},{"origin":[-12,6,4],"size":[8,1,8],"uv":{"north":{"uv":[10.0,4.0],"uv_size":[4.0,0.5]},"east":{"uv":[10.0,4.0],"uv_size":[4.0,0.5]},"south":{"uv":[10.0,4.0],"uv_size":[4.0,0.5]},"west":{"uv":[10.0,4.0],"uv_size":[4.0,0.5]},"up":{"uv":[14.0,8.0],"uv_size":[-4.0,-4.0]},"down":{"uv":[14.0,8.0],"uv_size":[-4.0,-4.0]}}},{"origin":[-12,7,3],"size":[8,1,1],"uv":{"north":{"uv":[10.0,3.5],"uv_size":[4.0,0.5]},"east":{"uv":[9.5,3.5],"uv_size":[0.5,0.5]},"south":{"uv":[10.0,7.0],"uv_size":[4.0,0.5]},"west":{"uv":[14.0,3.5],"uv_size":[0.5,0.5]},"up":{"uv":[14.0,7.0],"uv_size":[-4.0,-0.5]},"down":{"uv":[14.0,4.5],"uv_size":[-4.0,-0.5]}}},{"origin":[-13,7,4],"size":[1,1,8],"uv":{"north":{"uv":[14.0,3.5],"uv_size":[0.5,0.5]},"east":{"uv":[10.0,3.5],"uv_size":[4.0,0.5]},"south":{"uv":[9.5,3.5],"uv_size":[0.5,0.5]},"west":{"uv":[10.0,7.0],"uv_size":[4.0,0.5]},"up":{"uv":[14.0,7.0],"uv_size":[-4.0,-0.5]},"down":{"uv":[14.0,4.5],"uv_size":[-4.0,-0.5]}}},{"origin":[-12,7,12],"size":[8,1,1],"uv":{"north":{"uv":[10.0,7.0],"uv_size":[4.0,0.5]},"east":{"uv":[14.0,3.5],"uv_size":[0.5,0.5]},"south":{"uv":[10.0,3.5],"uv_size":[4.0,0.5]},"west":{"uv":[9.5,3.5],"uv_size":[0.5,0.5]},"up":{"uv":[14.0,7.0],"uv_size":[-4.0,-0.5]},"down":{"uv":[14.0,4.5],"uv_size":[-4.0,-0.5]}}},{"origin":[-4,7,4],"size":[1,1,8],"uv":{"north":{"uv":[9.5,3.5],"uv_size":[0.5,0.5]},"east":{"uv":[10.0,7.0],"uv_size":[4.0,0.5]},"south":{"uv":[14.0,3.5],"uv_size":[0.5,0.5]},"west":{"uv":[10.0,3.5],"uv_size":[4.0,0.5]},"up":{"uv":[14.0,7.0],"uv_size":[-4.0,-0.5]},"down":{"uv":[14.0,4.5],"uv_size":[-4.0,-0.5]}}},{"origin":[-13,8,2],"size":[10,1,1],"uv":{"north":{"uv":[9.5,3.0],"uv_size":[5.0,0.5]},"south":{"uv":[9.5,6.0],"uv_size":[5.0,0.5]},"up":{"uv":[14.5,6.0],"uv_size":[-5.0,-0.5]},"down":{"uv":[14.5,3.5],"uv_size":[-5.0,-0.5]}}},{"origin":[-14,8,3],"size":[1,1,10],"uv":{"east":{"uv":[9.5,3.0],"uv_size":[5.0,0.5]},"west":{"uv":[9.5,6.0],"uv_size":[5.0,0.5]},"up":{"uv":[14.5,6.0],"uv_size":[-5.0,-0.5]},"down":{"uv":[14.5,3.5],"uv_size":[-5.0,-0.5]}}},{"origin":[-13,8,13],"size":[10,1,1],"uv":{"north":{"uv":[9.5,6.0],"uv_size":[5.0,0.5]},"south":{"uv":[9.5,3.0],"uv_size":[5.0,0.5]},"up":{"uv":[14.5,6.0],"uv_size":[-5.0,-0.5]},"down":{"uv":[14.5,3.5],"uv_size":[-5.0,-0.5]}}},{"origin":[-3,8,3],"size":[1,1,10],"uv":{"east":{"uv":[9.5,6.0],"uv_size":[5.0,0.5]},"west":{"uv":[9.5,3.0],"uv_size":[5.0,0.5]},"up":{"uv":[14.5,6.0],"uv_size":[-5.0,-0.5]},"down":{"uv":[14.5,3.5],"uv_size":[-5.0,-0.5]}}},{"origin":[-14,9,1],"size":[12,4,1],"uv":{"north":{"uv":[9.0,1.0],"uv_size":[6.0,2.0]},"east":{"uv":[8.5,1.0],"uv_size":[0.5,2.0]},"south":{"uv":[9.0,3.5],"uv_size":[6.0,2.0]},"west":{"uv":[15.0,1.0],"uv_size":[0.5,2.0]},"up":{"uv":[9.0,1.5],"uv_size":[6.0,-0.5]},"down":{"uv":[15.0,3.0],"uv_size":[-6.0,-0.5]}}},{"origin":[-15,9,2],"size":[1,4,12],"uv":{"north":{"uv":[15.0,1.0],"uv_size":[0.5,2.0]},"east":{"uv":[9.0,1.0],"uv_size":[6.0,2.0]},"south":{"uv":[8.5,1.0],"uv_size":[0.5,2.0]},"west":{"uv":[9.0,3.5],"uv_size":[6.0,2.0]},"up":{"uv":[9.0,1.5],"uv_size":[6.0,-0.5]},"down":{"uv":[15.0,3.0],"uv_size":[-6.0,-0.5]}}},{"origin":[-14,9,14],"size":[12,4,1],"uv":{"north":{"uv":[9.0,3.5],"uv_size":[6.0,2.0]},"east":{"uv":[15.0,1.0],"uv_size":[0.5,2.0]},"south":{"uv":[9.0,1.0],"uv_size":[6.0,2.0]},"west":{"uv":[8.5,1.0],"uv_size":[0.5,2.0]},"up":{"uv":[9.0,1.5],"uv_size":[6.0,-0.5]},"down":{"uv":[15.0,3.0],"uv_size":[-6.0,-0.5]}}},{"origin":[-2,9,2],"size":[1,4,12],"uv":{"north":{"uv":[8.5,1.0],"uv_size":[0.5,2.0]},"east":{"uv":[9.0,3.5],"uv_size":[6.0,2.0]},"south":{"uv":[15.0,1.0],"uv_size":[0.5,2.0]},"west":{"uv":[9.0,1.0],"uv_size":[6.0,2.0]},"up":{"uv":[9.0,1.5],"uv_size":[6.0,-0.5]},"down":{"uv":[15.0,3.0],"uv_size":[-6.0,-0.5]}}},{"origin":[-14,13,2],"size":[11,1,1],"uv":{"north":{"uv":[9.5,0.5],"uv_size":[5.5,0.5]},"east":{"uv":[8.0,0.0],"uv_size":[0.5,0.5]},"south":{"uv":[9.5,2.5],"uv_size":[5.5,0.5]},"up":{"uv":[15.0,0.5],"uv_size":[-5.5,-0.5]},"down":{"uv":[15.0,3.5],"uv_size":[-5.5,-0.5]}}},{"origin":[-14,13,3],"size":[1,1,11],"uv":{"east":{"uv":[9.5,0.5],"uv_size":[5.5,0.5]},"south":{"uv":[8.0,0.0],"uv_size":[0.5,0.5]},"west":{"uv":[9.5,2.5],"uv_size":[5.5,0.5]},"up":{"uv":[15.0,0.5],"uv_size":[-5.5,-0.5]},"down":{"uv":[15.0,3.5],"uv_size":[-5.5,-0.5]}}},{"origin":[-13,13,13],"size":[11,1,1],"uv":{"north":{"uv":[9.5,2.5],"uv_size":[5.5,0.5]},"south":{"uv":[9.5,0.5],"uv_size":[5.5,0.5]},"west":{"uv":[8.0,0.0],"uv_size":[0.5,0.5]},"up":{"uv":[15.0,0.5],"uv_size":[-5.5,-0.5]},"down":{"uv":[15.0,3.5],"uv_size":[-5.5,-0.5]}}},{"origin":[-3,13,2],"size":[1,1,11],"uv":{"north":{"uv":[8.0,0.0],"uv_size":[0.5,0.5]},"east":{"uv":[9.5,2.5],"uv_size":[5.5,0.5]},"west":{"uv":[9.5,0.5],"uv_size":[5.5,0.5]},"up":{"uv":[15.0,0.5],"uv_size":[-5.5,-0.5]},"down":{"uv":[15.0,3.5],"uv_size":[-5.5,-0.5]}}},{"origin":[-15,10,1],"size":[1,3,1],"uv":{"north":{"uv":[8.5,1.0],"uv_size":[0.5,1.5]},"east":{"uv":[8.0,1.0],"uv_size":[0.5,1.5]},"up":{"uv":[9.0,1.5],"uv_size":[-0.5,-0.5]},"down":{"uv":[9.0,3.0],"uv_size":[-0.5,-0.5]}}},{"origin":[-15,10,14],"size":[1,3,1],"uv":{"east":{"uv":[8.5,1.0],"uv_size":[0.5,1.5]},"south":{"uv":[8.0,1.0],"uv_size":[0.5,1.5]},"up":{"uv":[9.0,1.5],"uv_size":[-0.5,-0.5]},"down":{"uv":[9.0,3.0],"uv_size":[-0.5,-0.5]}}},{"origin":[-2,10,14],"size":[1,3,1],"uv":{"south":{"uv":[8.5,1.0],"uv_size":[0.5,1.5]},"west":{"uv":[8.0,1.0],"uv_size":[0.5,1.5]},"up":{"uv":[9.0,1.5],"uv_size":[-0.5,-0.5]},"down":{"uv":[9.0,3.0],"uv_size":[-0.5,-0.5]}}},{"origin":[-2,10,1],"size":[1,3,1],"uv":{"north":{"uv":[8.0,1.0],"uv_size":[0.5,1.5]},"west":{"uv":[8.5,1.0],"uv_size":[0.5,1.5]},"up":{"uv":[9.0,1.5],"uv_size":[-0.5,-0.5]},"down":{"uv":[9.0,3.0],"uv_size":[-0.5,-0.5]}}},{"origin":[-13,8,3],"size":[1,1,1],"uv":{"north":{"uv":[9.0,4.0],"uv_size":[0.5,0.5]},"east":{"uv":[9.0,4.0],"uv_size":[0.5,0.5]},"south":{"uv":[9.0,4.0],"uv_size":[0.5,0.5]},"west":{"uv":[9.0,4.0],"uv_size":[0.5,0.5]},"up":{"uv":[9.5,4.5],"uv_size":[-0.5,-0.5]},"down":{"uv":[9.5,4.5],"uv_size":[-0.5,-0.5]}}},{"origin":[-13,8,12],"size":[1,1,1],"uv":{"north":{"uv":[9.0,4.0],"uv_size":[0.5,0.5]},"east":{"uv":[9.0,4.0],"uv_size":[0.5,0.5]},"south":{"uv":[9.0,4.0],"uv_size":[0.5,0.5]},"west":{"uv":[9.0,4.0],"uv_size":[0.5,0.5]},"up":{"uv":[9.5,4.5],"uv_size":[-0.5,-0.5]},"down":{"uv":[9.5,4.5],"uv_size":[-0.5,-0.5]}}},{"origin":[-4,8,12],"size":[1,1,1],"uv":{"north":{"uv":[9.0,4.0],"uv_size":[0.5,0.5]},"east":{"uv":[9.0,4.0],"uv_size":[0.5,0.5]},"south":{"uv":[9.0,4.0],"uv_size":[0.5,0.5]},"west":{"uv":[9.0,4.0],"uv_size":[0.5,0.5]},"up":{"uv":[9.5,4.5],"uv_size":[-0.5,-0.5]},"down":{"uv":[9.5,4.5],"uv_size":[-0.5,-0.5]}}},{"origin":[-4,8,3],"size":[1,1,1],"uv":{"north":{"uv":[9.0,4.0],"uv_size":[0.5,0.5]},"east":{"uv":[9.0,4.0],"uv_size":[0.5,0.5]},"south":{"uv":[9.0,4.0],"uv_size":[0.5,0.5]},"west":{"uv":[9.0,4.0],"uv_size":[0.5,0.5]},"up":{"uv":[9.5,4.5],"uv_size":[-0.5,-0.5]},"down":{"uv":[9.5,4.5],"uv_size":[-0.5,-0.5]}}},{"origin":[-14,9,2],"size":[1,1,1],"uv":{"north":{"uv":[9.0,3.0],"uv_size":[0.5,0.5]},"east":{"uv":[9.0,3.0],"uv_size":[0.5,0.5]},"south":{"uv":[9.0,3.0],"uv_size":[0.5,0.5]},"west":{"uv":[9.0,3.0],"uv_size":[0.5,0.5]},"up":{"uv":[9.5,3.5],"uv_size":[-0.5,-0.5]},"down":{"uv":[9.5,3.5],"uv_size":[-0.5,-0.5]}}},{"origin":[-14,9,13],"size":[1,1,1],"uv":{"north":{"uv":[9.0,3.0],"uv_size":[0.5,0.5]},"east":{"uv":[9.0,3.0],"uv_size":[0.5,0.5]},"south":{"uv":[9.0,3.0],"uv_size":[0.5,0.5]},"west":{"uv":[9.0,3.0],"uv_size":[0.5,0.5]},"up":{"uv":[9.5,3.5],"uv_size":[-0.5,-0.5]},"down":{"uv":[9.5,3.5],"uv_size":[-0.5,-0.5]}}},{"origin":[-3,9,13],"size":[1,1,1],"uv":{"north":{"uv":[9.0,3.0],"uv_size":[0.5,0.5]},"east":{"uv":[9.0,3.0],"uv_size":[0.5,0.5]},"south":{"uv":[9.0,3.0],"uv_size":[0.5,0.5]},"west":{"uv":[9.0,3.0],"uv_size":[0.5,0.5]},"up":{"uv":[9.5,3.5],"uv_size":[-0.5,-0.5]},"down":{"uv":[9.5,3.5],"uv_size":[-0.5,-0.5]}}},{"origin":[-3,9,2],"size":[1,1,1],"uv":{"north":{"uv":[9.0,3.0],"uv_size":[0.5,0.5]},"east":{"uv":[9.0,3.0],"uv_size":[0.5,0.5]},"south":{"uv":[9.0,3.0],"uv_size":[0.5,0.5]},"west":{"uv":[9.0,3.0],"uv_size":[0.5,0.5]},"up":{"uv":[9.5,3.5],"uv_size":[-0.5,-0.5]},"down":{"uv":[9.5,3.5],"uv_size":[-0.5,-0.5]}}}]}],"description":{"textures":["cy_vampire:alchemical_cauldron"],"identifier":"cy_vampire:alchemical_cauldron","use_ao":true}}}