{"format_version":"1.13.0","netease:block_geometry":{"bones":[{"pivot":[0,0,0],"cubes":[{"origin":[-16,0,0],"uv":{"north":{"uv_size":[8.0,1.0],"uv":[0.0,15.0]},"west":{"uv_size":[8.0,1.0],"uv":[0.0,15.0]},"up":{"uv_size":[-8.0,-8.0],"uv":[8.0,16.0]},"down":{"uv_size":[-8.0,-8.0],"uv":[8.0,16.0]},"east":{"uv_size":[8.0,1.0],"uv":[0.0,15.0]},"south":{"uv_size":[8.0,1.0],"uv":[0.0,15.0]}},"size":[16,2,16]},{"origin":[-1,2,0],"uv":{"north":{"uv_size":[0.5,2.0],"uv":[15.5,0.0]},"west":{"uv_size":[0.5,2.0],"uv":[15.5,0.0]},"up":{"uv_size":[-0.5,-0.5],"uv":[16.0,0.5]},"down":{"uv_size":[-0.5,-0.5],"uv":[16.0,0.5]},"east":{"uv_size":[0.5,2.0],"uv":[15.5,0.0]},"south":{"uv_size":[0.5,2.0],"uv":[15.5,0.0]}},"size":[1,4,1]},{"origin":[-16,2,0],"uv":{"north":{"uv_size":[0.5,2.0],"uv":[15.5,0.0]},"west":{"uv_size":[0.5,2.0],"uv":[15.5,0.0]},"up":{"uv_size":[-0.5,-0.5],"uv":[16.0,0.5]},"down":{"uv_size":[-0.5,-0.5],"uv":[16.0,0.5]},"east":{"uv_size":[0.5,2.0],"uv":[15.5,0.0]},"south":{"uv_size":[0.5,2.0],"uv":[15.5,0.0]}},"size":[1,4,1]},{"origin":[-16,2,15],"uv":{"north":{"uv_size":[0.5,2.0],"uv":[15.5,0.0]},"west":{"uv_size":[0.5,2.0],"uv":[15.5,0.0]},"up":{"uv_size":[-0.5,-0.5],"uv":[16.0,0.5]},"down":{"uv_size":[-0.5,-0.5],"uv":[16.0,0.5]},"east":{"uv_size":[0.5,2.0],"uv":[15.5,0.0]},"south":{"uv_size":[0.5,2.0],"uv":[15.5,0.0]}},"size":[1,4,1]},{"origin":[-1,2,15],"uv":{"north":{"uv_size":[0.5,2.0],"uv":[15.5,0.0]},"west":{"uv_size":[0.5,2.0],"uv":[15.5,0.0]},"up":{"uv_size":[-0.5,-0.5],"uv":[16.0,0.5]},"down":{"uv_size":[-0.5,-0.5],"uv":[16.0,0.5]},"east":{"uv_size":[0.5,2.0],"uv":[15.5,0.0]},"south":{"uv_size":[0.5,2.0],"uv":[15.5,0.0]}},"size":[1,4,1]}],"name":"root"},{"pivot":[0,0,0],"cubes":[{"origin":[-10,13,6],"uv":{"west":{"uv_size":[2.0,0.5],"uv":[3.0,1.0]},"east":{"uv_size":[2.0,0.5],"uv":[3.0,1.0]},"north":{"uv_size":[2.0,0.5],"uv":[3.0,1.0]},"up":{"uv_size":[-2.0,-2.0],"uv":[5.0,5.0]},"south":{"uv_size":[2.0,0.5],"uv":[3.0,1.0]}},"size":[4,1,4]},{"origin":[-11,12,5],"uv":{"east":{"uv_size":[0.5,0.5],"uv":[2.5,1.5]},"north":{"uv_size":[3.0,0.5],"uv":[2.5,1.5]},"up":{"uv_size":[-2.5,-0.5],"uv":[5.0,3.0]}},"size":[5,1,1]},{"origin":[-11,12,5],"pivot":[-8,0,8],"rotation":[0,90,0],"uv":{"east":{"uv_size":[0.5,0.5],"uv":[2.5,1.5]},"north":{"uv_size":[3.0,0.5],"uv":[2.5,1.5]},"up":{"uv_size":[-2.5,-0.5],"uv":[5.0,3.0]}},"size":[5,1,1]},{"origin":[-11,12,5],"pivot":[-8,0,8],"rotation":[0,180,0],"uv":{"east":{"uv_size":[0.5,0.5],"uv":[2.5,1.5]},"north":{"uv_size":[3.0,0.5],"uv":[2.5,1.5]},"up":{"uv_size":[-2.5,-0.5],"uv":[5.0,3.0]}},"size":[5,1,1]},{"origin":[-11,12,5],"pivot":[-8,0,8],"rotation":[0,-90,0],"uv":{"east":{"uv_size":[0.5,0.5],"uv":[2.5,1.5]},"north":{"uv_size":[3.0,0.5],"uv":[2.5,1.5]},"up":{"uv_size":[-2.5,-0.5],"uv":[5.0,3.0]}},"size":[5,1,1]},{"origin":[-12,11,4],"uv":{"east":{"uv_size":[0.5,0.5],"uv":[2.0,2.0]},"north":{"uv_size":[4.0,0.5],"uv":[2.0,2.0]},"up":{"uv_size":[-3.5,-0.5],"uv":[5.5,2.5]}},"size":[7,1,1]},{"origin":[-12,11,4],"pivot":[-8,0,8],"rotation":[0,90,0],"uv":{"east":{"uv_size":[0.5,0.5],"uv":[2.0,2.0]},"north":{"uv_size":[4.0,0.5],"uv":[2.0,2.0]},"up":{"uv_size":[-3.5,-0.5],"uv":[5.5,2.5]}},"size":[7,1,1]},{"origin":[-12,11,4],"pivot":[-8,0,8],"rotation":[0,180,0],"uv":{"east":{"uv_size":[0.5,0.5],"uv":[2.0,2.0]},"north":{"uv_size":[4.0,0.5],"uv":[2.0,2.0]},"up":{"uv_size":[-3.5,-0.5],"uv":[5.5,2.5]}},"size":[7,1,1]},{"origin":[-12,11,4],"pivot":[-8,0,8],"rotation":[0,-90,0],"uv":{"east":{"uv_size":[0.5,0.5],"uv":[2.0,2.0]},"north":{"uv_size":[4.0,0.5],"uv":[2.0,2.0]},"up":{"uv_size":[-3.5,-0.5],"uv":[5.5,2.5]}},"size":[7,1,1]},{"origin":[-13,10,3],"uv":{"east":{"uv_size":[0.5,0.5],"uv":[1.5,2.5]},"north":{"uv_size":[5.0,0.5],"uv":[1.5,2.5]},"up":{"uv_size":[-4.5,-0.5],"uv":[6.0,2.0]}},"size":[9,1,1]},{"origin":[-13,10,3],"pivot":[-8,0,8],"rotation":[0,90,0],"uv":{"east":{"uv_size":[0.5,0.5],"uv":[1.5,2.5]},"north":{"uv_size":[5.0,0.5],"uv":[1.5,2.5]},"up":{"uv_size":[-4.5,-0.5],"uv":[6.0,2.0]}},"size":[9,1,1]},{"origin":[-13,10,3],"pivot":[-8,0,8],"rotation":[0,180,0],"uv":{"east":{"uv_size":[0.5,0.5],"uv":[1.5,2.5]},"north":{"uv_size":[5.0,0.5],"uv":[1.5,2.5]},"up":{"uv_size":[-4.5,-0.5],"uv":[6.0,2.0]}},"size":[9,1,1]},{"origin":[-13,10,3],"pivot":[-8,0,8],"rotation":[0,-90,0],"uv":{"east":{"uv_size":[0.5,0.5],"uv":[1.5,2.5]},"north":{"uv_size":[5.0,0.5],"uv":[1.5,2.5]},"up":{"uv_size":[-4.5,-0.5],"uv":[6.0,2.0]}},"size":[9,1,1]},{"origin":[-14,9,2],"uv":{"east":{"uv_size":[0.5,0.5],"uv":[1.0,3.0]},"north":{"uv_size":[6.0,0.5],"uv":[1.0,3.0]},"up":{"uv_size":[-5.5,-0.5],"uv":[6.5,1.5]}},"size":[11,1,1]},{"origin":[-14,9,2],"pivot":[-8,0,8],"rotation":[0,90,0],"uv":{"east":{"uv_size":[0.5,0.5],"uv":[1.0,3.0]},"north":{"uv_size":[6.0,0.5],"uv":[1.0,3.0]},"up":{"uv_size":[-5.5,-0.5],"uv":[6.5,1.5]}},"size":[11,1,1]},{"origin":[-14,9,2],"pivot":[-8,0,8],"rotation":[0,180,0],"uv":{"east":{"uv_size":[0.5,0.5],"uv":[1.0,3.0]},"north":{"uv_size":[6.0,0.5],"uv":[1.0,3.0]},"up":{"uv_size":[-5.5,-0.5],"uv":[6.5,1.5]}},"size":[11,1,1]},{"origin":[-14,9,2],"pivot":[-8,0,8],"rotation":[0,-90,0],"uv":{"east":{"uv_size":[0.5,0.5],"uv":[1.0,3.0]},"north":{"uv_size":[6.0,0.5],"uv":[1.0,3.0]},"up":{"uv_size":[-5.5,-0.5],"uv":[6.5,1.5]}},"size":[11,1,1]},{"origin":[-15,7,1],"uv":{"down":{"uv_size":[-6.5,-0.5],"uv":[7.0,1.0]},"east":{"uv_size":[0.5,1.0],"uv":[0.5,3.5]},"north":{"uv_size":[7.0,1.0],"uv":[0.5,3.5]},"up":{"uv_size":[-6.5,-0.5],"uv":[7.0,1.0]}},"size":[13,2,1]},{"origin":[-15,7,1],"pivot":[-8,0,8],"rotation":[0,90,0],"uv":{"down":{"uv_size":[-6.5,-0.5],"uv":[7.0,1.0]},"east":{"uv_size":[0.5,1.0],"uv":[0.5,3.5]},"north":{"uv_size":[7.0,1.0],"uv":[0.5,3.5]},"up":{"uv_size":[-6.5,-0.5],"uv":[7.0,1.0]}},"size":[13,2,1]},{"origin":[-15,7,1],"pivot":[-8,0,8],"rotation":[0,180,0],"uv":{"down":{"uv_size":[-6.5,-0.5],"uv":[7.0,1.0]},"east":{"uv_size":[0.5,1.0],"uv":[0.5,3.5]},"north":{"uv_size":[7.0,1.0],"uv":[0.5,3.5]},"up":{"uv_size":[-6.5,-0.5],"uv":[7.0,1.0]}},"size":[13,2,1]},{"origin":[-15,7,1],"pivot":[-8,0,8],"rotation":[0,-90,0],"uv":{"down":{"uv_size":[-6.5,-0.5],"uv":[7.0,1.0]},"east":{"uv_size":[0.5,1.0],"uv":[0.5,3.5]},"north":{"uv_size":[7.0,1.0],"uv":[0.5,3.5]},"up":{"uv_size":[-6.5,-0.5],"uv":[7.0,1.0]}},"size":[13,2,1]},{"origin":[-14,6,2],"uv":{"down":{"uv_size":[-5.5,-0.5],"uv":[6.5,1.5]},"east":{"uv_size":[0.5,0.5],"uv":[1.0,4.5]},"north":{"uv_size":[6.0,0.5],"uv":[1.0,4.5]}},"size":[11,1,1]},{"origin":[-14,6,2],"pivot":[-8,0,8],"rotation":[0,90,0],"uv":{"down":{"uv_size":[-5.5,-0.5],"uv":[6.5,1.5]},"east":{"uv_size":[0.5,0.5],"uv":[1.0,4.5]},"north":{"uv_size":[6.0,0.5],"uv":[1.0,4.5]}},"size":[11,1,1]},{"origin":[-14,6,2],"pivot":[-8,0,8],"rotation":[0,180,0],"uv":{"down":{"uv_size":[-5.5,-0.5],"uv":[6.5,1.5]},"east":{"uv_size":[0.5,0.5],"uv":[1.0,4.5]},"north":{"uv_size":[6.0,0.5],"uv":[1.0,4.5]}},"size":[11,1,1]},{"origin":[-14,6,2],"pivot":[-8,0,8],"rotation":[0,-90,0],"uv":{"down":{"uv_size":[-5.5,-0.5],"uv":[6.5,1.5]},"east":{"uv_size":[0.5,0.5],"uv":[1.0,4.5]},"north":{"uv_size":[6.0,0.5],"uv":[1.0,4.5]}},"size":[11,1,1]},{"origin":[-13,5,3],"uv":{"down":{"uv_size":[-4.5,-0.5],"uv":[6.0,2.0]},"east":{"uv_size":[0.5,0.5],"uv":[1.5,5.0]},"north":{"uv_size":[5.0,0.5],"uv":[1.5,5.0]}},"size":[9,1,1]},{"origin":[-13,5,3],"pivot":[-8,0,8],"rotation":[0,90,0],"uv":{"down":{"uv_size":[-4.5,-0.5],"uv":[6.0,2.0]},"east":{"uv_size":[0.5,0.5],"uv":[1.5,5.0]},"north":{"uv_size":[5.0,0.5],"uv":[1.5,5.0]}},"size":[9,1,1]},{"origin":[-13,5,3],"pivot":[-8,0,8],"rotation":[0,180,0],"uv":{"down":{"uv_size":[-4.5,-0.5],"uv":[6.0,2.0]},"east":{"uv_size":[0.5,0.5],"uv":[1.5,5.0]},"north":{"uv_size":[5.0,0.5],"uv":[1.5,5.0]}},"size":[9,1,1]},{"origin":[-13,5,3],"pivot":[-8,0,8],"rotation":[0,-90,0],"uv":{"down":{"uv_size":[-4.5,-0.5],"uv":[6.0,2.0]},"east":{"uv_size":[0.5,0.5],"uv":[1.5,5.0]},"north":{"uv_size":[5.0,0.5],"uv":[1.5,5.0]}},"size":[9,1,1]},{"origin":[-12,4,4],"uv":{"down":{"uv_size":[-3.5,-0.5],"uv":[5.5,2.5]},"east":{"uv_size":[0.5,0.5],"uv":[2.5,5.5]},"north":{"uv_size":[4.0,0.5],"uv":[2.5,5.5]}},"size":[7,1,1]},{"origin":[-12,4,4],"pivot":[-8,0,8],"rotation":[0,90,0],"uv":{"down":{"uv_size":[-3.5,-0.5],"uv":[5.5,2.5]},"east":{"uv_size":[0.5,0.5],"uv":[2.5,5.5]},"north":{"uv_size":[4.0,0.5],"uv":[2.5,5.5]}},"size":[7,1,1]},{"origin":[-12,4,4],"pivot":[-8,0,8],"rotation":[0,180,0],"uv":{"down":{"uv_size":[-3.5,-0.5],"uv":[5.5,2.5]},"east":{"uv_size":[0.5,0.5],"uv":[2.5,5.5]},"north":{"uv_size":[4.0,0.5],"uv":[2.5,5.5]}},"size":[7,1,1]},{"origin":[-12,4,4],"pivot":[-8,0,8],"rotation":[0,-90,0],"uv":{"down":{"uv_size":[-3.5,-0.5],"uv":[5.5,2.5]},"east":{"uv_size":[0.5,0.5],"uv":[2.5,5.5]},"north":{"uv_size":[4.0,0.5],"uv":[2.5,5.5]}},"size":[7,1,1]},{"origin":[-11,3,5],"uv":{"down":{"uv_size":[-2.5,-0.5],"uv":[5.0,3.0]},"east":{"uv_size":[0.5,0.5],"uv":[2.5,6.0]},"north":{"uv_size":[3.0,0.5],"uv":[2.5,6.0]}},"size":[5,1,1]},{"origin":[-11,3,5],"pivot":[-8,0,8],"rotation":[0,90,0],"uv":{"down":{"uv_size":[-2.5,-0.5],"uv":[5.0,3.0]},"east":{"uv_size":[0.5,0.5],"uv":[2.5,6.0]},"north":{"uv_size":[3.0,0.5],"uv":[2.5,6.0]}},"size":[5,1,1]},{"origin":[-11,3,5],"pivot":[-8,0,8],"rotation":[0,180,0],"uv":{"down":{"uv_size":[-2.5,-0.5],"uv":[5.0,3.0]},"east":{"uv_size":[0.5,0.5],"uv":[2.5,6.0]},"north":{"uv_size":[3.0,0.5],"uv":[2.5,6.0]}},"size":[5,1,1]},{"origin":[-11,3,5],"pivot":[-8,0,8],"rotation":[0,-90,0],"uv":{"down":{"uv_size":[-2.5,-0.5],"uv":[5.0,3.0]},"east":{"uv_size":[0.5,0.5],"uv":[2.5,6.0]},"north":{"uv_size":[3.0,0.5],"uv":[2.5,6.0]}},"size":[5,1,1]},{"origin":[-10,2,6],"uv":{"west":{"uv_size":[2.0,0.5],"uv":[3.0,6.5]},"east":{"uv_size":[2.0,0.5],"uv":[3.0,6.5]},"north":{"uv_size":[2.0,0.5],"uv":[3.0,6.5]},"south":{"uv_size":[2.0,0.5],"uv":[3.0,6.5]}},"size":[4,1,4]}],"name":"glass","parent":"root"},{"pivot":[0,0,0],"cubes":[{"origin":[-11,11,5],"uv":{"north":{"uv_size":[3.0,0.5],"uv":[10.5,12.0]},"west":{"uv_size":[3.0,0.5],"uv":[10.5,11.5]},"up":{"uv_size":[-3.0,-3.0],"uv":[13.5,13.5]},"down":{"uv_size":[-3.0,-3.0],"uv":[13.5,13.5]},"east":{"uv_size":[3.0,0.5],"uv":[11.0,11.5]},"south":{"uv_size":[3.0,0.5],"uv":[10.0,12.0]}},"size":[6,1,6]},{"origin":[-12,10,4],"uv":{"north":{"uv_size":[4.0,0.5],"uv":[11.5,10.5]},"west":{"uv_size":[4.0,0.5],"uv":[9.0,13.5]},"up":{"uv_size":[-4.0,-4.0],"uv":[14.0,14.0]},"down":{"uv_size":[-4.0,-4.0],"uv":[14.0,14.0]},"east":{"uv_size":[4.0,0.5],"uv":[10.0,12.0]},"south":{"uv_size":[4.0,0.5],"uv":[11.5,11.5]}},"size":[8,1,8]},{"origin":[-13,9,3],"uv":{"north":{"uv_size":[5.0,0.5],"uv":[10.0,12.5]},"west":{"uv_size":[5.0,0.5],"uv":[8.5,10.0]},"up":{"uv_size":[-5.0,-5.0],"uv":[14.5,14.5]},"down":{"uv_size":[-5.0,-5.0],"uv":[14.5,14.5]},"east":{"uv_size":[5.0,0.5],"uv":[9.0,10.0]},"south":{"uv_size":[5.0,0.5],"uv":[9.5,10.5]}},"size":[10,1,10]},{"origin":[-14,8,2],"uv":{"north":{"uv_size":[6.0,0.5],"uv":[9.5,11.5]},"west":{"uv_size":[6.0,0.5],"uv":[9.5,13.0]},"up":{"uv_size":[-6.0,-6.0],"uv":[15.0,15.0]},"down":{"uv_size":[-6.0,-6.0],"uv":[15.0,15.0]},"east":{"uv_size":[6.0,0.5],"uv":[8.5,14.0]},"south":{"uv_size":[6.0,0.5],"uv":[9.0,10.0]}},"size":[12,1,12]},{"origin":[-14,7,2],"uv":{"north":{"uv_size":[6.0,0.5],"uv":[9.5,11.5]},"west":{"uv_size":[6.0,0.5],"uv":[9.5,13.0]},"up":{"uv_size":[-6.0,-6.0],"uv":[15.0,15.0]},"down":{"uv_size":[-6.0,-6.0],"uv":[15.0,15.0]},"east":{"uv_size":[6.0,0.5],"uv":[8.5,14.0]},"south":{"uv_size":[6.0,0.5],"uv":[9.0,10.0]}},"size":[12,1,12]},{"origin":[-13,6,3],"uv":{"north":{"uv_size":[5.0,0.5],"uv":[10.0,12.5]},"west":{"uv_size":[5.0,0.5],"uv":[8.5,10.0]},"up":{"uv_size":[-5.0,-5.0],"uv":[14.5,14.5]},"down":{"uv_size":[-5.0,-5.0],"uv":[14.5,14.5]},"east":{"uv_size":[5.0,0.5],"uv":[9.0,10.0]},"south":{"uv_size":[5.0,0.5],"uv":[9.5,10.5]}},"size":[10,1,10]},{"origin":[-12,5,4],"uv":{"north":{"uv_size":[4.0,0.5],"uv":[11.5,10.5]},"west":{"uv_size":[4.0,0.5],"uv":[9.0,13.5]},"up":{"uv_size":[-4.0,-4.0],"uv":[14.0,14.0]},"down":{"uv_size":[-4.0,-4.0],"uv":[14.0,14.0]},"east":{"uv_size":[4.0,0.5],"uv":[10.0,12.0]},"south":{"uv_size":[4.0,0.5],"uv":[11.5,11.5]}},"size":[8,1,8]},{"origin":[-11,4,5],"uv":{"north":{"uv_size":[3.0,0.5],"uv":[10.5,12.0]},"west":{"uv_size":[3.0,0.5],"uv":[10.5,11.5]},"up":{"uv_size":[-3.0,-3.0],"uv":[13.5,13.5]},"down":{"uv_size":[-3.0,-3.0],"uv":[13.5,13.5]},"east":{"uv_size":[3.0,0.5],"uv":[11.0,11.5]},"south":{"uv_size":[3.0,0.5],"uv":[10.0,12.0]}},"size":[6,1,6]},{"origin":[-10,3,6],"uv":{"north":{"uv_size":[2.0,0.5],"uv":[11.0,12.5]},"west":{"uv_size":[2.0,0.5],"uv":[9.5,10.0]},"up":{"uv_size":[-2.0,-2.0],"uv":[13.0,13.0]},"down":{"uv_size":[-2.0,-2.0],"uv":[13.0,13.0]},"east":{"uv_size":[2.0,0.5],"uv":[9.0,11.0]},"south":{"uv_size":[2.0,0.5],"uv":[10.0,12.0]}},"size":[4,1,4]}],"name":"blood","parent":"root"}],"description":{"textures":["cy_vampire:altar_inspiration9"],"identifier":"cy_vampire:altar_inspiration9","use_ao":true}}}