{"format_version":"1.13.0","netease:block_geometry":{"bones":[{"pivot":[0,0,0],"cubes":[{"origin":[-13,0,3],"uv":{"north":{"uv_size":[5.0,0.5],"uv":[1.5,7.5]},"west":{"uv_size":[5.0,0.5],"uv":[1.5,5.5]},"up":{"uv_size":[-5.0,-5.0],"uv":[6.5,6.5]},"down":{"uv_size":[-5.0,-5.0],"uv":[6.5,6.5]},"east":{"uv_size":[5.0,0.5],"uv":[1.0,5.5]},"south":{"uv_size":[5.0,0.5],"uv":[1.0,3.5]}},"size":[10,1,10]},{"origin":[-13,15,3],"uv":{"north":{"uv_size":[5.0,0.5],"uv":[1.5,7.5]},"west":{"uv_size":[5.0,0.5],"uv":[1.5,5.5]},"up":{"uv_size":[-5.0,-5.0],"uv":[6.5,6.5]},"down":{"uv_size":[-5.0,-5.0],"uv":[6.5,6.5]},"east":{"uv_size":[5.0,0.5],"uv":[1.0,5.5]},"south":{"uv_size":[5.0,0.5],"uv":[1.0,3.5]}},"size":[10,1,10]},{"origin":[-13,1,12],"uv":{"west":{"uv_size":[0.5,7.0],"uv":[0.0,0.5]},"east":{"uv_size":[0.5,7.0],"uv":[0.0,0.5]},"north":{"uv_size":[0.5,7.0],"uv":[0.0,0.5]},"south":{"uv_size":[0.5,7.0],"uv":[0.0,0.5]}},"size":[1,14,1]},{"origin":[-4,1,12],"uv":{"west":{"uv_size":[0.5,7.0],"uv":[0.0,0.5]},"east":{"uv_size":[0.5,7.0],"uv":[0.0,0.5]},"north":{"uv_size":[0.5,7.0],"uv":[0.0,0.5]},"south":{"uv_size":[0.5,7.0],"uv":[0.0,0.5]}},"size":[1,14,1]},{"origin":[-4,1,3],"uv":{"west":{"uv_size":[0.5,7.0],"uv":[0.0,0.5]},"east":{"uv_size":[0.5,7.0],"uv":[0.0,0.5]},"north":{"uv_size":[0.5,7.0],"uv":[0.0,0.5]},"south":{"uv_size":[0.5,7.0],"uv":[0.0,0.5]}},"size":[1,14,1]},{"origin":[-13,1,3],"uv":{"west":{"uv_size":[0.5,7.0],"uv":[0.0,0.5]},"east":{"uv_size":[0.5,7.0],"uv":[0.0,0.5]},"north":{"uv_size":[0.5,7.0],"uv":[0.0,0.5]},"south":{"uv_size":[0.5,7.0],"uv":[0.0,0.5]}},"size":[1,14,1]},{"origin":[-12,1,13],"uv":{"down":{"uv_size":[-4.0,-0.5],"uv":[14.0,8.0]},"west":{"uv_size":[0.5,7.0],"uv":[9.5,0.5]},"east":{"uv_size":[0.5,7.0],"uv":[14.0,0.5]},"up":{"uv_size":[-4.0,-0.5],"uv":[14.0,0.5]},"south":{"uv_size":[4.0,7.0],"uv":[10.0,0.5]}},"size":[8,14,1]},{"origin":[-3,1,4],"uv":{"down":{"uv_size":[-4.0,-0.5],"uv":[14.0,8.0]},"west":{"uv_size":[4.0,7.0],"uv":[10.0,0.5]},"north":{"uv_size":[0.5,7.0],"uv":[9.5,0.5]},"up":{"uv_size":[-4.0,-0.5],"uv":[14.0,0.5]},"south":{"uv_size":[0.5,7.0],"uv":[14.0,0.5]}},"size":[1,14,8]},{"origin":[-12,1,2],"uv":{"down":{"uv_size":[-4.0,-0.5],"uv":[14.0,8.0]},"west":{"uv_size":[0.5,7.0],"uv":[14.0,0.5]},"east":{"uv_size":[0.5,7.0],"uv":[9.5,0.5]},"north":{"uv_size":[4.0,7.0],"uv":[10.0,0.5]},"up":{"uv_size":[-4.0,-0.5],"uv":[14.0,0.5]}},"size":[8,14,1]},{"origin":[-14,1,4],"uv":{"down":{"uv_size":[-4.0,-0.5],"uv":[14.0,8.0]},"east":{"uv_size":[4.0,7.0],"uv":[10.0,0.5]},"north":{"uv_size":[0.5,7.0],"uv":[14.0,0.5]},"up":{"uv_size":[-4.0,-0.5],"uv":[14.0,0.5]},"south":{"uv_size":[0.5,7.0],"uv":[9.5,0.5]}},"size":[1,14,8]}],"name":"root"}],"description":{"textures":["cy_vampire:altar_pillar_stone"],"identifier":"cy_vampire:altar_pillar_stone","use_ao":true}}}