{"format_version":"1.13.0","netease:block_geometry":{"bones":[{"pivot":[0,0,0],"cubes":[{"origin":[-9,12,7],"uv":{"north":{"uv_size":[1.0,0.5],"uv":[0.0,0.0]},"west":{"uv_size":[1.0,0.5],"uv":[0.0,0.0]},"up":{"uv_size":[-1.0,-1.0],"uv":[1.0,1.0]},"down":{"uv_size":[-1.0,-1.0],"uv":[1.0,1.0]},"east":{"uv_size":[1.0,0.5],"uv":[0.0,0.0]},"south":{"uv_size":[1.0,0.5],"uv":[0.0,0.0]}},"size":[2,1,2]},{"origin":[-9,7,7],"uv":{"north":{"uv_size":[1.0,0.5],"uv":[0.0,0.0]},"west":{"uv_size":[1.0,0.5],"uv":[0.0,0.0]},"up":{"uv_size":[-1.0,-1.0],"uv":[1.0,1.0]},"down":{"uv_size":[-1.0,-1.0],"uv":[1.0,1.0]},"east":{"uv_size":[1.0,0.5],"uv":[0.0,0.0]},"south":{"uv_size":[1.0,0.5],"uv":[0.0,0.0]}},"size":[2,1,2]},{"origin":[-10,11,6],"uv":{"north":{"uv_size":[2.0,0.5],"uv":[0.0,0.0]},"west":{"uv_size":[2.0,0.5],"uv":[0.0,0.0]},"up":{"uv_size":[-2.0,-2.0],"uv":[2.0,2.0]},"down":{"uv_size":[-2.0,-2.0],"uv":[2.0,2.0]},"east":{"uv_size":[2.0,0.5],"uv":[0.0,0.0]},"south":{"uv_size":[2.0,0.5],"uv":[0.0,0.0]}},"size":[4,1,4]},{"origin":[-10,8,6],"uv":{"north":{"uv_size":[2.0,0.5],"uv":[0.0,0.0]},"west":{"uv_size":[2.0,0.5],"uv":[0.0,0.0]},"up":{"uv_size":[-2.0,-2.0],"uv":[2.0,2.0]},"down":{"uv_size":[-2.0,-2.0],"uv":[2.0,2.0]},"east":{"uv_size":[2.0,0.5],"uv":[0.0,0.0]},"south":{"uv_size":[2.0,0.5],"uv":[0.0,0.0]}},"size":[4,1,4]},{"origin":[-11,9,5],"uv":{"north":{"uv_size":[3.0,1.0],"uv":[0.0,0.0]},"west":{"uv_size":[3.0,1.0],"uv":[0.0,0.0]},"up":{"uv_size":[-3.0,-3.0],"uv":[3.0,3.0]},"down":{"uv_size":[-3.0,-3.0],"uv":[3.0,3.0]},"east":{"uv_size":[3.0,1.0],"uv":[0.0,0.0]},"south":{"uv_size":[3.0,1.0],"uv":[0.0,0.0]}},"size":[6,2,6]},{"origin":[-11,0,5],"uv":{"down":{"uv_size":[-3.0,-3.0],"uv":[13.5,5.5]},"west":{"uv_size":[3.0,2.0],"uv":[10.5,6.0]},"east":{"uv_size":[3.0,2.0],"uv":[10.5,6.0]},"north":{"uv_size":[3.0,2.0],"uv":[10.5,6.0]},"south":{"uv_size":[3.0,2.0],"uv":[10.5,6.0]}},"size":[6,4,6]},{"origin":[-14,4,2],"uv":{"north":{"uv_size":[6.0,0.5],"uv":[9.0,5.5]},"west":{"uv_size":[6.0,0.5],"uv":[9.0,5.5]},"up":{"uv_size":[-6.0,-6.0],"uv":[15.0,7.0]},"down":{"uv_size":[-6.0,-6.0],"uv":[15.0,7.0]},"east":{"uv_size":[6.0,0.5],"uv":[9.0,5.5]},"south":{"uv_size":[6.0,0.5],"uv":[9.0,5.5]}},"size":[12,1,12]},{"origin":[-15,5,1],"uv":{"north":{"uv_size":[7.0,0.5],"uv":[8.5,5.0]},"west":{"uv_size":[7.0,0.5],"uv":[8.5,5.0]},"up":{"uv_size":[-7.0,-7.0],"uv":[15.5,7.5]},"down":{"uv_size":[-7.0,-7.0],"uv":[15.5,7.5]},"east":{"uv_size":[7.0,0.5],"uv":[8.5,5.0]},"south":{"uv_size":[7.0,0.5],"uv":[8.5,5.0]}},"size":[14,1,14]},{"origin":[-13,6,1],"uv":{"west":{"uv_size":[5.0,0.5],"uv":[9.5,4.5]},"east":{"uv_size":[5.0,0.5],"uv":[9.5,4.5]},"north":{"uv_size":[5.0,0.5],"uv":[9.5,4.5]},"up":{"uv_size":[-5.0,-0.5],"uv":[14.0,1.0]},"south":{"uv_size":[5.0,0.5],"uv":[9.5,4.5]}},"size":[10,1,1]},{"origin":[-15,6,3],"uv":{"west":{"uv_size":[5.0,0.5],"uv":[9.5,4.5]},"east":{"uv_size":[5.0,0.5],"uv":[9.5,4.5]},"north":{"uv_size":[5.0,0.5],"uv":[9.5,4.5]},"up":{"uv_size":[-5.0,-0.5],"uv":[14.0,1.0]},"south":{"uv_size":[5.0,0.5],"uv":[9.5,4.5]}},"size":[1,1,10]},{"origin":[-13,6,14],"uv":{"west":{"uv_size":[5.0,0.5],"uv":[9.5,4.5]},"east":{"uv_size":[5.0,0.5],"uv":[9.5,4.5]},"north":{"uv_size":[5.0,0.5],"uv":[9.5,4.5]},"up":{"uv_size":[-5.0,-0.5],"uv":[14.0,1.0]},"south":{"uv_size":[5.0,0.5],"uv":[9.5,4.5]}},"size":[10,1,1]},{"origin":[-2,6,3],"uv":{"west":{"uv_size":[5.0,0.5],"uv":[9.5,4.5]},"east":{"uv_size":[5.0,0.5],"uv":[9.5,4.5]},"north":{"uv_size":[5.0,0.5],"uv":[9.5,4.5]},"up":{"uv_size":[-5.0,-0.5],"uv":[14.0,1.0]},"south":{"uv_size":[5.0,0.5],"uv":[9.5,4.5]}},"size":[1,1,10]},{"origin":[-13,6,2],"uv":{"up":{"uv_size":[-5.0,-0.5],"uv":[14.0,11.0]},"south":{"uv_size":[5.0,0.5],"uv":[9.0,10.5]}},"size":[10,1,1]},{"origin":[-14,6,3],"uv":{"west":{"uv_size":[5.0,0.5],"uv":[9.0,10.5]},"up":{"uv_size":[-5.0,-0.5],"uv":[14.0,11.0]}},"size":[1,1,10]},{"origin":[-13,6,13],"uv":{"north":{"uv_size":[5.0,0.5],"uv":[9.0,10.5]},"up":{"uv_size":[-5.0,-0.5],"uv":[14.0,11.0]}},"size":[10,1,1]},{"origin":[-3,6,3],"uv":{"east":{"uv_size":[5.0,0.5],"uv":[9.0,10.5]},"up":{"uv_size":[-5.0,-0.5],"uv":[14.0,11.0]}},"size":[1,1,10]},{"origin":[-3,6,1],"uv":{"west":{"uv_size":[1.0,3.5],"uv":[13.5,10.5]},"east":{"uv_size":[1.0,3.5],"uv":[13.5,10.5]},"north":{"uv_size":[1.0,3.5],"uv":[13.5,10.5]},"up":{"uv_size":[-1.0,-1.0],"uv":[12.5,10.5]},"south":{"uv_size":[1.0,3.5],"uv":[13.5,10.5]}},"size":[2,7,2]},{"origin":[-15,6,1],"uv":{"west":{"uv_size":[1.0,3.5],"uv":[13.5,10.5]},"east":{"uv_size":[1.0,3.5],"uv":[13.5,10.5]},"north":{"uv_size":[1.0,3.5],"uv":[13.5,10.5]},"up":{"uv_size":[-1.0,-1.0],"uv":[12.5,10.5]},"south":{"uv_size":[1.0,3.5],"uv":[13.5,10.5]}},"size":[2,7,2]},{"origin":[-15,6,13],"uv":{"west":{"uv_size":[1.0,3.5],"uv":[13.5,10.5]},"east":{"uv_size":[1.0,3.5],"uv":[13.5,10.5]},"north":{"uv_size":[1.0,3.5],"uv":[13.5,10.5]},"up":{"uv_size":[-1.0,-1.0],"uv":[12.5,10.5]},"south":{"uv_size":[1.0,3.5],"uv":[13.5,10.5]}},"size":[2,7,2]},{"origin":[-3,6,13],"uv":{"west":{"uv_size":[1.0,3.5],"uv":[13.5,10.5]},"east":{"uv_size":[1.0,3.5],"uv":[13.5,10.5]},"north":{"uv_size":[1.0,3.5],"uv":[13.5,10.5]},"up":{"uv_size":[-1.0,-1.0],"uv":[12.5,10.5]},"south":{"uv_size":[1.0,3.5],"uv":[13.5,10.5]}},"size":[2,7,2]},{"origin":[-11,6,5],"uv":{"west":{"uv_size":[3.0,0.5],"uv":[10.5,4.5]},"east":{"uv_size":[3.0,0.5],"uv":[10.0,6.5]},"north":{"uv_size":[3.0,0.5],"uv":[10.0,1.5]},"up":{"uv_size":[-3.0,-3.0],"uv":[13.5,5.5]},"south":{"uv_size":[3.0,0.5],"uv":[10.5,2.0]}},"size":[6,1,6]},{"origin":[-2,13,1],"uv":{"west":{"uv_size":[0.5,0.5],"uv":[11.0,10.5]},"east":{"uv_size":[0.5,0.5],"uv":[11.0,10.5]},"north":{"uv_size":[0.5,0.5],"uv":[11.0,10.5]},"up":{"uv_size":[-0.5,-0.5],"uv":[11.5,11.0]},"south":{"uv_size":[0.5,0.5],"uv":[11.0,10.5]}},"size":[1,1,1]},{"origin":[-15,13,1],"uv":{"west":{"uv_size":[0.5,0.5],"uv":[11.0,10.5]},"east":{"uv_size":[0.5,0.5],"uv":[11.0,10.5]},"north":{"uv_size":[0.5,0.5],"uv":[11.0,10.5]},"up":{"uv_size":[-0.5,-0.5],"uv":[11.5,11.0]},"south":{"uv_size":[0.5,0.5],"uv":[11.0,10.5]}},"size":[1,1,1]},{"origin":[-15,13,14],"uv":{"west":{"uv_size":[0.5,0.5],"uv":[11.0,10.5]},"east":{"uv_size":[0.5,0.5],"uv":[11.0,10.5]},"north":{"uv_size":[0.5,0.5],"uv":[11.0,10.5]},"up":{"uv_size":[-0.5,-0.5],"uv":[11.5,11.0]},"south":{"uv_size":[0.5,0.5],"uv":[11.0,10.5]}},"size":[1,1,1]},{"origin":[-2,13,14],"uv":{"west":{"uv_size":[0.5,0.5],"uv":[11.0,10.5]},"east":{"uv_size":[0.5,0.5],"uv":[11.0,10.5]},"north":{"uv_size":[0.5,0.5],"uv":[11.0,10.5]},"up":{"uv_size":[-0.5,-0.5],"uv":[11.5,11.0]},"south":{"uv_size":[0.5,0.5],"uv":[11.0,10.5]}},"size":[1,1,1]}],"name":"root"}],"description":{"textures":["cy_vampire:altar_infusion"],"identifier":"cy_vampire:altar_infusion","use_ao":true}}}