{"format_version":"1.13.0","netease:block_geometry":{"bones":[{"pivot":[0,0,0],"cubes":[{"origin":[-13,0,3],"uv":{"north":{"uv_size":[10.0,3.0],"uv":[3.0,13.0]},"west":{"uv_size":[10.0,3.0],"uv":[3.0,13.0]},"up":{"uv_size":[-10.0,-10.0],"uv":[13.0,13.0]},"down":{"uv_size":[-10.0,-10.0],"uv":[13.0,13.0]},"east":{"uv_size":[10.0,3.0],"uv":[3.0,13.0]},"south":{"uv_size":[10.0,3.0],"uv":[3.0,13.0]}},"size":[10,3,10]},{"origin":[-12,3,4],"uv":{"west":{"uv_size":[8.0,1.0],"uv":[4.0,12.0]},"east":{"uv_size":[8.0,1.0],"uv":[4.0,12.0]},"north":{"uv_size":[8.0,1.0],"uv":[4.0,12.0]},"up":{"uv_size":[-8.0,-8.0],"uv":[12.0,12.0]},"south":{"uv_size":[8.0,1.0],"uv":[4.0,12.0]}},"size":[8,1,8]},{"origin":[-11,4,5],"uv":{"west":{"uv_size":[6.0,1.0],"uv":[5.0,11.0]},"east":{"uv_size":[6.0,1.0],"uv":[5.0,11.0]},"north":{"uv_size":[6.0,1.0],"uv":[5.0,11.0]},"up":{"uv_size":[-6.0,-6.0],"uv":[11.0,11.0]},"south":{"uv_size":[6.0,1.0],"uv":[5.0,11.0]}},"size":[6,1,6]},{"origin":[-10,5,6],"uv":{"west":{"uv_size":[4.0,1.0],"uv":[6.0,10.0]},"east":{"uv_size":[4.0,1.0],"uv":[6.0,10.0]},"north":{"uv_size":[4.0,1.0],"uv":[6.0,10.0]},"up":{"uv_size":[-4.0,-4.0],"uv":[10.0,10.0]},"south":{"uv_size":[4.0,1.0],"uv":[6.0,10.0]}},"size":[4,1,4]},{"origin":[-9,6,7],"uv":{"west":{"uv_size":[2.0,1.0],"uv":[7.0,9.0]},"east":{"uv_size":[2.0,1.0],"uv":[7.0,9.0]},"north":{"uv_size":[2.0,1.0],"uv":[7.0,9.0]},"up":{"uv_size":[-2.0,-2.0],"uv":[9.0,9.0]},"south":{"uv_size":[2.0,1.0],"uv":[7.0,9.0]}},"size":[2,1,2]}],"name":"root"}],"description":{"textures":["cy_vampire:altar_tip"],"identifier":"cy_vampire:altar_tip","use_ao":true}}}