{"format_version":"1.13.0","netease:block_geometry":{"bones":[{"pivot":[0,0,1],"cubes":[{"origin":[-15,0,1],"uv":{"north":{"uv_size":[7.0,0.5],"uv":[0.5,8.0]},"west":{"uv_size":[7.0,0.5],"uv":[0.5,8.0]},"up":{"uv_size":[-7.0,-7.0],"uv":[15.5,15.5]},"down":{"uv_size":[-7.0,-7.0],"uv":[15.5,15.5]},"east":{"uv_size":[7.0,0.5],"uv":[0.5,8.0]},"south":{"uv_size":[7.0,0.5],"uv":[0.5,8.0]}},"size":[14,1,14]},{"origin":[-15,14,1],"uv":{"north":{"uv_size":[0.5,1.0],"uv":[0.0,0.0]},"west":{"uv_size":[7.0,1.0],"uv":[0.5,0.0]},"up":{"uv_size":[-0.5,-7.0],"uv":[8.0,7.5]},"down":{"uv_size":[-0.5,-7.0],"uv":[8.0,7.5]},"east":{"uv_size":[7.0,1.0],"uv":[0.5,0.0]},"south":{"uv_size":[0.5,1.0],"uv":[0.0,0.0]}},"size":[1,2,14]},{"origin":[-2,14,1],"uv":{"north":{"uv_size":[0.5,1.0],"uv":[0.0,0.0]},"west":{"uv_size":[7.0,1.0],"uv":[0.5,0.0]},"up":{"uv_size":[-0.5,-7.0],"uv":[0.5,7.5]},"down":{"uv_size":[-0.5,-7.0],"uv":[0.5,7.5]},"east":{"uv_size":[7.0,1.0],"uv":[0.5,0.0]},"south":{"uv_size":[0.5,1.0],"uv":[0.0,0.0]}},"size":[1,2,14]},{"origin":[-14,14,14],"uv":{"down":{"uv_size":[-6.0,-0.5],"uv":[6.0,0.5]},"north":{"uv_size":[6.0,1.0],"uv":[1.0,0.0]},"up":{"uv_size":[-6.0,-0.5],"uv":[7.0,0.5]},"south":{"uv_size":[6.0,1.0],"uv":[1.0,0.0]}},"size":[12,2,1]},{"origin":[-14,14,1],"uv":{"down":{"uv_size":[-6.0,-0.5],"uv":[6.0,0.5]},"north":{"uv_size":[6.0,1.0],"uv":[1.0,0.0]},"up":{"uv_size":[-6.0,-0.5],"uv":[7.0,0.5]},"south":{"uv_size":[6.0,1.0],"uv":[0.0,0.0]}},"size":[12,2,1]},{"origin":[-14,1,2],"uv":{"west":{"uv_size":[6.0,0.5],"uv":[1.0,7.5]},"east":{"uv_size":[6.0,0.5],"uv":[1.0,7.5]},"north":{"uv_size":[6.0,0.5],"uv":[1.0,7.5]},"up":{"uv_size":[-6.0,-6.0],"uv":[6.0,6.0]},"south":{"uv_size":[6.0,0.5],"uv":[1.0,7.5]}},"size":[12,1,12]},{"origin":[-14,12,2],"uv":{"north":{"uv_size":[6.0,1.5],"uv":[1.0,1.0]},"west":{"uv_size":[6.0,1.5],"uv":[1.0,1.0]},"up":{"uv_size":[-8.0,-8.0],"uv":[16.0,8.0]},"down":{"uv_size":[-6.0,-6.0],"uv":[7.0,7.0]},"east":{"uv_size":[6.0,1.5],"uv":[1.0,1.0]},"south":{"uv_size":[6.0,1.5],"uv":[1.0,1.0]}},"size":[12,3,12]},{"origin":[-11,2,5],"uv":{"west":{"uv_size":[3.0,5.0],"uv":[2.5,2.5]},"east":{"uv_size":[3.0,5.0],"uv":[2.5,2.5]},"north":{"uv_size":[3.0,5.0],"uv":[2.5,2.5]},"south":{"uv_size":[3.0,5.0],"uv":[2.5,2.5]}},"size":[6,10,6]},{"origin":[-13,6,3],"uv":{"north":{"uv_size":[5.0,1.5],"uv":[1.5,11.5]},"west":{"uv_size":[5.0,1.5],"uv":[1.5,11.5]},"up":{"uv_size":[-5.0,-5.0],"uv":[5.0,5.0]},"down":{"uv_size":[-5.0,-5.0],"uv":[5.0,5.0]},"east":{"uv_size":[5.0,1.5],"uv":[1.5,11.5]},"south":{"uv_size":[5.0,1.5],"uv":[1.5,11.5]}},"size":[10,3,10]}],"name":"root"}],"description":{"textures":["cy_vampire:blood_sieve"],"identifier":"cy_vampire:blood_sieve","use_ao":true}}}