{"format_version":"1.13.0","netease:block_geometry":{"bones":[{"pivot":[0,0,0],"cubes":[{"origin":[-16,0,0],"uv":{"north":{"uv_size":[8.0,0.5],"uv":[8.0,0.0]},"west":{"uv_size":[8.0,0.5],"uv":[8.0,0.0]},"up":{"uv_size":[-8.0,-8.0],"uv":[16.0,8.0]},"down":{"uv_size":[-8.0,-8.0],"uv":[16.0,8.0]},"east":{"uv_size":[8.0,0.5],"uv":[8.0,0.0]},"south":{"uv_size":[8.0,0.5],"uv":[8.0,0.0]}},"size":[16,1,16]},{"origin":[-15,1,1],"uv":{"west":{"uv_size":[7.0,1.0],"uv":[0.0,0.0]},"east":{"uv_size":[7.0,1.0],"uv":[0.0,0.0]},"north":{"uv_size":[7.0,1.0],"uv":[0.0,0.0]},"up":{"uv_size":[-7.0,-7.0],"uv":[7.0,7.0]},"south":{"uv_size":[7.0,1.0],"uv":[0.0,0.0]}},"size":[14,2,14]},{"origin":[-11,3,5],"uv":{"west":{"uv_size":[3.0,2.5],"uv":[0.0,13.5]},"east":{"uv_size":[3.0,2.5],"uv":[0.0,13.5]},"north":{"uv_size":[3.0,2.5],"uv":[0.0,13.5]},"south":{"uv_size":[3.0,2.5],"uv":[0.0,13.5]}},"size":[6,5,6]},{"origin":[-12,8,4],"uv":{"down":{"uv_size":[-4.0,-4.0],"uv":[4.0,16.0]},"up":{"uv_size":[4.0,4.0],"uv":[2.0,10.0]}},"size":[8,5,8]},{"origin":[-12,8,3],"uv":{"down":{"uv_size":[-4.0,-0.5],"uv":[14.0,16.0]},"west":{"uv_size":[0.5,2.5],"uv":[14.0,13.0]},"east":{"uv_size":[0.5,2.5],"uv":[9.5,13.0]},"north":{"uv_size":[4.0,2.5],"uv":[10.0,13.0]},"up":{"uv_size":[-4.0,-0.5],"uv":[14.0,13.0]}},"size":[8,5,1]},{"origin":[-13,8,4],"uv":{"down":{"uv_size":[-4.0,-0.5],"uv":[14.0,16.0]},"east":{"uv_size":[4.0,2.5],"uv":[10.0,13.0]},"north":{"uv_size":[0.5,2.5],"uv":[14.0,13.0]},"up":{"uv_size":[-4.0,-0.5],"uv":[14.0,13.0]},"south":{"uv_size":[0.5,2.5],"uv":[9.5,13.0]}},"size":[1,5,8]},{"origin":[-12,8,12],"uv":{"down":{"uv_size":[-4.0,-0.5],"uv":[14.0,16.0]},"west":{"uv_size":[0.5,2.5],"uv":[9.5,13.0]},"east":{"uv_size":[0.5,2.5],"uv":[14.0,13.0]},"up":{"uv_size":[-4.0,-0.5],"uv":[14.0,13.0]},"south":{"uv_size":[4.0,2.5],"uv":[10.0,13.0]}},"size":[8,5,1]},{"origin":[-4,8,4],"uv":{"down":{"uv_size":[-4.0,-0.5],"uv":[14.0,16.0]},"west":{"uv_size":[4.0,2.5],"uv":[10.0,13.0]},"north":{"uv_size":[0.5,2.5],"uv":[9.5,13.0]},"up":{"uv_size":[-4.0,-0.5],"uv":[14.0,13.0]},"south":{"uv_size":[0.5,2.5],"uv":[14.0,13.0]}},"size":[1,5,8]},{"origin":[-11,8,2],"uv":{"down":{"uv_size":[-3.0,-0.5],"uv":[13.5,13.5]},"west":{"uv_size":[0.5,2.5],"uv":[14.5,10.5]},"east":{"uv_size":[0.5,2.5],"uv":[9.0,10.5]},"north":{"uv_size":[3.0,2.5],"uv":[10.5,10.5]},"up":{"uv_size":[-3.0,-0.5],"uv":[13.5,10.5]}},"size":[6,5,1]},{"origin":[-14,8,5],"uv":{"down":{"uv_size":[-3.0,-0.5],"uv":[13.5,13.5]},"east":{"uv_size":[3.0,2.5],"uv":[10.5,10.5]},"north":{"uv_size":[0.5,2.5],"uv":[14.5,10.5]},"up":{"uv_size":[-3.0,-0.5],"uv":[13.5,10.5]},"south":{"uv_size":[0.5,2.5],"uv":[9.0,10.5]}},"size":[1,5,6]},{"origin":[-11,8,13],"uv":{"down":{"uv_size":[-3.0,-0.5],"uv":[13.5,13.5]},"west":{"uv_size":[0.5,2.5],"uv":[9.0,10.5]},"east":{"uv_size":[0.5,2.5],"uv":[14.5,10.5]},"up":{"uv_size":[-3.0,-0.5],"uv":[13.5,10.5]},"south":{"uv_size":[3.0,2.5],"uv":[10.5,10.5]}},"size":[6,5,1]},{"origin":[-3,8,5],"uv":{"down":{"uv_size":[-3.0,-0.5],"uv":[13.5,13.5]},"west":{"uv_size":[3.0,2.5],"uv":[10.5,10.5]},"north":{"uv_size":[0.5,2.5],"uv":[9.0,10.5]},"up":{"uv_size":[-3.0,-0.5],"uv":[13.5,10.5]},"south":{"uv_size":[0.5,2.5],"uv":[14.5,10.5]}},"size":[1,5,6]},{"origin":[-7,13,5],"uv":{"north":{"uv_size":[1.5,0.5],"uv":[4.5,13.0]},"west":{"uv_size":[0.5,0.5],"uv":[5.5,13.0]},"up":{"uv_size":[-1.5,-0.5],"uv":[6.0,13.5]},"down":{"uv_size":[-1.5,-0.5],"uv":[6.0,13.5]},"east":{"uv_size":[0.5,0.5],"uv":[4.5,13.0]},"south":{"uv_size":[1.5,0.5],"uv":[4.5,13.0]}},"size":[3,1,1]},{"origin":[-6,13,4],"uv":{"north":{"uv_size":[0.5,0.5],"uv":[5.0,13.5]},"west":{"uv_size":[0.5,0.5],"uv":[5.0,13.5]},"up":{"uv_size":[-0.5,-0.5],"uv":[5.5,14.0]},"down":{"uv_size":[-0.5,-0.5],"uv":[5.5,14.0]},"east":{"uv_size":[0.5,0.5],"uv":[5.0,13.5]},"south":{"uv_size":[0.5,0.5],"uv":[5.0,13.5]}},"size":[1,1,1]},{"origin":[-6,13,6],"uv":{"north":{"uv_size":[0.5,0.5],"uv":[5.0,12.5]},"west":{"uv_size":[0.5,0.5],"uv":[5.0,12.5]},"up":{"uv_size":[-0.5,-0.5],"uv":[5.5,13.0]},"down":{"uv_size":[-0.5,-0.5],"uv":[5.5,13.0]},"east":{"uv_size":[0.5,0.5],"uv":[5.0,12.5]},"south":{"uv_size":[0.5,0.5],"uv":[5.0,12.5]}},"size":[1,1,1]},{"origin":[-12,13,8],"uv":{"west":{"uv_size":[2.0,2.0],"uv":[12.0,8.0]},"east":{"uv_size":[2.0,2.0],"uv":[8.0,8.0]},"north":{"uv_size":[2.0,2.0],"uv":[10.0,8.0]},"up":{"uv_size":[-2.0,-2.0],"uv":[4.0,12.0]},"south":{"uv_size":[2.0,2.0],"uv":[14.0,8.0]}},"size":[4,4,4]},{"origin":[-3,3,2],"uv":{"west":{"uv_size":[0.5,0.5],"uv":[8.0,0.0]},"east":{"uv_size":[0.5,0.5],"uv":[8.0,0.0]},"north":{"uv_size":[0.5,0.5],"uv":[8.0,0.0]},"up":{"uv_size":[-0.5,-0.5],"uv":[8.5,0.5]},"south":{"uv_size":[0.5,0.5],"uv":[8.0,0.0]}},"size":[1,1,1]},{"origin":[-14,3,2],"uv":{"west":{"uv_size":[0.5,0.5],"uv":[8.0,0.0]},"east":{"uv_size":[0.5,0.5],"uv":[8.0,0.0]},"north":{"uv_size":[0.5,0.5],"uv":[8.0,0.0]},"up":{"uv_size":[-0.5,-0.5],"uv":[8.5,0.5]},"south":{"uv_size":[0.5,0.5],"uv":[8.0,0.0]}},"size":[1,1,1]},{"origin":[-14,3,13],"uv":{"west":{"uv_size":[0.5,0.5],"uv":[8.0,0.0]},"east":{"uv_size":[0.5,0.5],"uv":[8.0,0.0]},"north":{"uv_size":[0.5,0.5],"uv":[8.0,0.0]},"up":{"uv_size":[-0.5,-0.5],"uv":[8.5,0.5]},"south":{"uv_size":[0.5,0.5],"uv":[8.0,0.0]}},"size":[1,1,1]},{"origin":[-3,3,13],"uv":{"west":{"uv_size":[0.5,0.5],"uv":[8.0,0.0]},"east":{"uv_size":[0.5,0.5],"uv":[8.0,0.0]},"north":{"uv_size":[0.5,0.5],"uv":[8.0,0.0]},"up":{"uv_size":[-0.5,-0.5],"uv":[8.5,0.5]},"south":{"uv_size":[0.5,0.5],"uv":[8.0,0.0]}},"size":[1,1,1]}],"name":"root"}],"description":{"textures":["cy_vampire:blood_grinder"],"identifier":"cy_vampire:blood_grinder","use_ao":true}}}