{"format_version":"1.13.0","netease:block_geometry":{"bones":[{"pivot":[0,0,0],"cubes":[{"origin":[-16,0,0],"uv":{"north":{"uv_size":[8.0,0.5],"uv":[0.0,7.5]},"west":{"uv_size":[8.0,0.5],"uv":[0.0,7.5]},"up":{"uv_size":[-8.0,-8.0],"uv":[8.0,8.0]},"down":{"uv_size":[-8.0,-8.0],"uv":[8.0,8.0]},"east":{"uv_size":[8.0,0.5],"uv":[0.0,7.5]},"south":{"uv_size":[8.0,0.5],"uv":[0.0,7.5]}},"size":[16,1,16]},{"origin":[-16,9,0],"uv":{"north":{"uv_size":[8.0,0.5],"uv":[0.0,15.5]},"west":{"uv_size":[8.0,0.5],"uv":[0.0,15.5]},"up":{"uv_size":[-8.0,-8.0],"uv":[16.0,8.0]},"down":{"uv_size":[-8.0,-8.0],"uv":[16.0,8.0]},"east":{"uv_size":[8.0,0.5],"uv":[0.0,15.5]},"south":{"uv_size":[8.0,0.5],"uv":[0.0,15.5]}},"size":[16,1,16]},{"origin":[-15,10,0],"uv":{"north":{"uv_size":[7.0,0.5],"uv":[0.5,15.0]},"up":{"uv_size":[-7.0,-0.5],"uv":[7.5,15.0]},"south":{"uv_size":[7.0,0.5],"uv":[8.5,0.5]}},"size":[14,1,1]},{"origin":[-15,10,15],"uv":{"north":{"uv_size":[7.0,0.5],"uv":[8.5,0.5]},"up":{"uv_size":[-7.0,-0.5],"uv":[7.5,15.0]},"south":{"uv_size":[7.0,0.5],"uv":[0.5,15.0]}},"size":[14,1,1]},{"origin":[-15,1,1],"uv":{"west":{"uv_size":[7.0,0.5],"uv":[0.5,7.0]},"east":{"uv_size":[7.0,0.5],"uv":[0.5,7.0]},"north":{"uv_size":[7.0,0.5],"uv":[0.5,7.0]},"up":{"uv_size":[-7.0,-7.0],"uv":[7.5,7.5]},"south":{"uv_size":[7.0,0.5],"uv":[0.5,7.0]}},"size":[14,1,14]},{"origin":[-14,2,2],"uv":{"west":{"uv_size":[6.0,3.5],"uv":[1.0,3.5]},"east":{"uv_size":[6.0,3.5],"uv":[1.0,3.5]},"north":{"uv_size":[6.0,3.5],"uv":[1.0,3.5]},"south":{"uv_size":[6.0,3.5],"uv":[1.0,3.5]}},"size":[12,7,12]},{"origin":[-1,10,0],"uv":{"west":{"uv_size":[8.0,0.5],"uv":[0.0,15.0]},"east":{"uv_size":[8.0,0.5],"uv":[8.0,0.5]},"north":{"uv_size":[0.5,0.5],"uv":[7.5,15.0]},"up":{"uv_size":[-0.5,-8.0],"uv":[7.5,16.0]},"south":{"uv_size":[0.5,0.5],"uv":[0.0,15.0]}},"size":[1,1,16]},{"origin":[-16,10,0],"uv":{"west":{"uv_size":[8.0,0.5],"uv":[8.0,0.5]},"east":{"uv_size":[8.0,0.5],"uv":[0.0,15.0]},"north":{"uv_size":[0.5,0.5],"uv":[0.0,15.0]},"up":{"uv_size":[-0.5,-8.0],"uv":[1.0,16.0]},"south":{"uv_size":[0.5,0.5],"uv":[7.5,15.0]}},"size":[1,1,16]}],"name":"root"}],"description":{"textures":["cy_vampire:blood_potion_table"],"identifier":"cy_vampire:blood_potion_table","use_ao":true}}}