{"format_version":"1.13.0","netease:block_geometry":{"bones":[{"pivot":[-1,0,1],"cubes":[{"origin":[-3,1,2],"uv":{"west":{"uv_size":[0.5,7.0],"uv":[0.0,9.0]},"east":{"uv_size":[0.5,7.0],"uv":[0.0,9.0]},"north":{"uv_size":[0.5,7.0],"uv":[0.0,9.0]},"south":{"uv_size":[0.5,7.0],"uv":[0.0,9.0]}},"size":[1,14,1]},{"origin":[-3,1,13],"uv":{"west":{"uv_size":[-0.5,7.0],"uv":[0.5,9.0]},"east":{"uv_size":[-0.5,7.0],"uv":[0.5,9.0]},"north":{"uv_size":[-0.5,7.0],"uv":[0.5,9.0]},"south":{"uv_size":[-0.5,7.0],"uv":[0.5,9.0]}},"size":[1,14,1]},{"origin":[-14,1,2],"uv":{"west":{"uv_size":[-0.5,7.0],"uv":[0.5,9.0]},"east":{"uv_size":[-0.5,7.0],"uv":[0.5,9.0]},"north":{"uv_size":[-0.5,7.0],"uv":[0.5,9.0]},"south":{"uv_size":[-0.5,7.0],"uv":[0.5,9.0]}},"size":[1,14,1]},{"origin":[-14,1,13],"uv":{"west":{"uv_size":[0.5,7.0],"uv":[0.0,9.0]},"east":{"uv_size":[0.5,7.0],"uv":[0.0,9.0]},"north":{"uv_size":[0.5,7.0],"uv":[0.0,9.0]},"south":{"uv_size":[0.5,7.0],"uv":[0.0,9.0]}},"size":[1,14,1]},{"origin":[-14,0,2],"uv":{"north":{"uv_size":[6.0,0.5],"uv":[0.0,15.5]},"west":{"uv_size":[6.0,0.5],"uv":[1.5,15.5]},"up":{"uv_size":[-6.0,-6.0],"uv":[7.0,15.0]},"down":{"uv_size":[-6.0,-6.0],"uv":[7.0,15.0]},"east":{"uv_size":[6.0,0.5],"uv":[0.5,15.5]},"south":{"uv_size":[6.0,0.5],"uv":[1.0,15.5]}},"size":[12,1,12]},{"origin":[-14,15,2],"uv":{"north":{"uv_size":[6.0,0.5],"uv":[0.0,15.5]},"west":{"uv_size":[6.0,0.5],"uv":[1.5,15.5]},"up":{"uv_size":[-6.0,-6.0],"uv":[7.0,15.0]},"down":{"uv_size":[-6.0,-6.0],"uv":[7.0,15.0]},"east":{"uv_size":[6.0,0.5],"uv":[0.5,15.5]},"south":{"uv_size":[6.0,0.5],"uv":[1.0,15.5]}},"size":[12,1,12]},{"origin":[-13,1,3],"uv":{"west":{"uv_size":[5.0,7.0],"uv":[0.0,0.0]},"east":{"uv_size":[5.0,7.0],"uv":[0.0,0.0]},"north":{"uv_size":[5.0,7.0],"uv":[0.0,0.0]},"south":{"uv_size":[5.0,7.0],"uv":[0.0,0.0]}},"size":[10,14,10]}],"name":"root"}],"description":{"textures":["cy_vampire:blood_container"],"identifier":"cy_vampire:blood_container","use_ao":true}}}