{"format_version":"1.13.0","netease:block_geometry":{"bones":[{"pivot":[0,0,0],"cubes":[{"origin":[-15,0,1],"uv":{"north":{"uv_size":[7.0,0.5],"uv":[8.5,15.5]},"west":{"uv_size":[7.0,0.5],"uv":[8.5,15.5]},"up":{"uv_size":[-7.0,-7.0],"uv":[15.5,15.5]},"down":{"uv_size":[-7.0,-7.0],"uv":[15.5,15.5]},"east":{"uv_size":[7.0,0.5],"uv":[8.5,15.5]},"south":{"uv_size":[7.0,0.5],"uv":[8.5,15.5]}},"size":[14,1,14]},{"origin":[-14,1,2],"uv":{"west":{"uv_size":[6.0,0.5],"uv":[1.0,15.0]},"east":{"uv_size":[6.0,0.5],"uv":[1.0,15.0]},"north":{"uv_size":[6.0,0.5],"uv":[1.0,15.0]},"up":{"uv_size":[-6.0,-6.0],"uv":[7.0,15.0]},"south":{"uv_size":[6.0,0.5],"uv":[1.0,15.0]}},"size":[12,1,12]},{"origin":[-11,2,5],"uv":{"north":{"uv_size":[3.0,0.5],"uv":[2.5,11.5]},"west":{"uv_size":[3.0,0.5],"uv":[2.5,13.5]},"up":{"uv_size":[-3.0,-3.0],"uv":[5.5,13.5]},"down":{"uv_size":[-3.0,-3.0],"uv":[3.0,3.0]},"east":{"uv_size":[3.0,0.5],"uv":[2.5,13.5]},"south":{"uv_size":[3.0,0.5],"uv":[2.5,10.0]}},"size":[6,1,6]},{"origin":[-10,3,6],"uv":{"west":{"uv_size":[2.0,2.0],"uv":[11.0,4.5]},"east":{"uv_size":[2.0,2.0],"uv":[11.0,4.5]},"north":{"uv_size":[2.0,2.0],"uv":[11.0,4.5]},"south":{"uv_size":[2.0,2.0],"uv":[11.0,4.5]}},"size":[4,4,4]},{"origin":[-11,7,5],"uv":{"down":{"uv_size":[-3.0,-3.0],"uv":[3.0,3.0]},"west":{"uv_size":[3.0,0.5],"uv":[0.0,0.0]},"east":{"uv_size":[3.0,0.5],"uv":[0.0,0.0]},"north":{"uv_size":[3.0,0.5],"uv":[0.0,0.0]},"south":{"uv_size":[3.0,0.5],"uv":[0.0,0.0]}},"size":[6,1,6]},{"origin":[-13,8,3],"uv":{"north":{"uv_size":[5.0,0.5],"uv":[0.0,0.0]},"west":{"uv_size":[5.0,0.5],"uv":[0.0,0.0]},"up":{"uv_size":[-5.0,-5.0],"uv":[6.5,6.5]},"down":{"uv_size":[-5.0,-5.0],"uv":[6.5,6.5]},"east":{"uv_size":[5.0,0.5],"uv":[0.0,0.0]},"south":{"uv_size":[5.0,0.5],"uv":[0.0,0.0]}},"size":[10,1,10]},{"origin":[-5,9,4],"uv":{"west":{"uv_size":[0.5,1.0],"uv":[8.0,9.0]},"east":{"uv_size":[0.5,1.0],"uv":[8.0,9.0]},"north":{"uv_size":[0.5,1.0],"uv":[8.0,9.0]},"up":{"uv_size":[-0.5,-0.5],"uv":[8.5,9.0]},"south":{"uv_size":[0.5,1.0],"uv":[8.0,9.0]}},"size":[1,2,1]},{"origin":[-12,9,4],"uv":{"west":{"uv_size":[0.5,1.0],"uv":[8.0,9.0]},"east":{"uv_size":[0.5,1.0],"uv":[8.0,9.0]},"north":{"uv_size":[0.5,1.0],"uv":[8.0,9.0]},"up":{"uv_size":[-0.5,-0.5],"uv":[8.5,9.0]},"south":{"uv_size":[0.5,1.0],"uv":[8.0,9.0]}},"size":[1,2,1]},{"origin":[-12,9,11],"uv":{"west":{"uv_size":[0.5,1.0],"uv":[8.0,9.0]},"east":{"uv_size":[0.5,1.0],"uv":[8.0,9.0]},"north":{"uv_size":[0.5,1.0],"uv":[8.0,9.0]},"up":{"uv_size":[-0.5,-0.5],"uv":[8.5,9.0]},"south":{"uv_size":[0.5,1.0],"uv":[8.0,9.0]}},"size":[1,2,1]},{"origin":[-5,9,11],"uv":{"west":{"uv_size":[0.5,1.0],"uv":[8.0,9.0]},"east":{"uv_size":[0.5,1.0],"uv":[8.0,9.0]},"north":{"uv_size":[0.5,1.0],"uv":[8.0,9.0]},"up":{"uv_size":[-0.5,-0.5],"uv":[8.5,9.0]},"south":{"uv_size":[0.5,1.0],"uv":[8.0,9.0]}},"size":[1,2,1]}],"name":"root"}],"description":{"textures":["cy_vampire:blood_pedestal"],"identifier":"cy_vampire:blood_pedestal","use_ao":true}}}