{"format_version":"1.13.0","netease:block_geometry":{"bones":[{"pivot":[0,0,0],"name":"root"},{"pivot":[0,0,0],"cubes":[{"origin":[-16,0,0],"uv":{"north":{"uv_size":[16,8],"uv":[0,8]},"west":{"uv_size":[16,8],"uv":[0,8]},"up":{"uv_size":[-16,-16],"uv":[16,16]},"down":{"uv_size":[16,16],"uv":[0,0]},"east":{"uv_size":[16,8],"uv":[0,8]},"south":{"uv_size":[16,8],"uv":[0,8]}},"size":[16,8,16]}],"name":"down","parent":"root"},{"pivot":[0,0,0],"cubes":[{"origin":[-16,8,8],"uv":{"north":{"uv_size":[8,8],"uv":[0,0]},"west":{"uv_size":[8,8],"uv":[8,0]},"up":{"uv_size":[-8,-8],"uv":[16,16]},"down":{"uv_size":[8,8],"uv":[8,0]},"east":{"uv_size":[8,8],"uv":[0,0]},"south":{"uv_size":[8,8],"uv":[8,0]}},"size":[8,8,8]}],"name":"lb","parent":"root"},{"pivot":[0,0,0],"cubes":[{"origin":[-8,8,8],"uv":{"north":{"uv_size":[8,8],"uv":[8,0]},"west":{"uv_size":[8,8],"uv":[8,0]},"up":{"uv_size":[-8,-8],"uv":[8,16]},"down":{"uv_size":[8,8],"uv":[0,0]},"east":{"uv_size":[8,8],"uv":[0,0]},"south":{"uv_size":[8,8],"uv":[0,0]}},"size":[8,8,8]}],"name":"rb","parent":"root"}],"description":{"textures":["cy_vampire:castle_stairs_dark"],"identifier":"cy_vampire:castle_stairs_dark","use_ao":true}}}