{"format_version":"1.13.0","netease:block_geometry":{"bones":[{"pivot":[-8,0,8],"name":"root"},{"pivot":[-8,0,8],"cubes":[{"origin":[-16,0,0],"uv":{"north":{"uv_size":[16.0,16.0],"uv":[0.0,0.0]},"west":{"uv_size":[16.0,16.0],"uv":[0.0,0.0]},"up":{"uv_size":[-16.0,-16.0],"uv":[16.0,16.0]},"down":{"uv_size":[16.0,16.0],"uv":[0.0,0.0]},"east":{"uv_size":[16.0,16.0],"uv":[0.0,0.0]},"south":{"uv_size":[16.0,16.0],"uv":[0.0,0.0]}},"size":[16,8,16]}],"name":"down","parent":"root"}],"description":{"textures":["cy_vampire:castle_slab"],"identifier":"cy_vampire:castle_slab","use_ao":true}}}