{"format_version":"1.13.0","netease:block_geometry":{"bones":[{"pivot":[0,0,0],"cubes":[{"origin":[-15,0,4.5],"uv":{"north":{"uv_size":[7.0,0.5],"uv":[0.5,5.5]},"west":{"uv_size":[3.5,0.5],"uv":[2.0,3.0]},"up":{"uv_size":[-7.0,-3.5],"uv":[7.5,5.5]},"down":{"uv_size":[-7.0,-3.5],"uv":[7.5,5.5]},"east":{"uv_size":[3.5,0.5],"uv":[2.0,3.0]},"south":{"uv_size":[7.0,0.5],"uv":[0.5,1.5]}},"size":[14,1,7]},{"origin":[-9,0,6],"uv":{"west":{"uv_size":[2.0,5.5],"uv":[0.0,0.0]},"east":{"uv_size":[2.0,5.5],"uv":[0.0,0.0]},"north":{"uv_size":[1.0,5.5],"uv":[0.0,0.0]},"south":{"uv_size":[1.0,5.5],"uv":[0.0,0.0]}},"size":[2,11,4]},{"origin":[-15,7,3],"pivot":[-1,7,3],"rotation":[30,0,0],"uv":{"north":{"uv_size":[7.0,0.5],"uv":[0.5,7.0]},"west":{"uv_size":[6.0,0.5],"uv":[0.5,2.5]},"up":{"uv_size":[-7.0,-6.0],"uv":[7.5,7.0]},"down":{"uv_size":[-7.0,-6.0],"uv":[7.5,7.0]},"east":{"uv_size":[6.0,0.5],"uv":[0.5,2.5]},"south":{"uv_size":[7.0,0.5],"uv":[0.5,0.5]}},"size":[14,1,12]},{"origin":[-13,8,6],"pivot":[-1,7,3],"rotation":[30,0,0],"uv":{"west":{"uv_size":[3.5,0.5],"uv":[8.0,3.5]},"east":{"uv_size":[3.5,0.5],"uv":[8.0,4.0]},"north":{"uv_size":[5.0,0.5],"uv":[8.0,4.5]},"up":{"uv_size":[-5.0,-3.5],"uv":[13.0,3.5]},"south":{"uv_size":[5.0,0.5],"uv":[8.0,5.0]}},"size":[10,1,7]}],"name":"root"}],"description":{"textures":["cy_vampire:church_altar"],"identifier":"cy_vampire:church_altar","use_ao":true}}}