{"format_version":"1.13.0","netease:block_geometry":{"bones":[{"pivot":[0,0,0],"cubes":[{"origin":[-16,0,0],"uv":{"down":{"uv_size":[-8.0,-8.0],"uv":[16.0,8.0]},"west":{"uv_size":[8.0,0.5],"uv":[8.0,0.0]},"east":{"uv_size":[8.0,0.5],"uv":[8.0,0.0]},"north":{"uv_size":[8.0,0.5],"uv":[8.0,0.0]},"up":{"uv_size":[-8.0,-8.0],"uv":[8.0,8.0]}},"size":[16,1,16]},{"origin":[-16,0,16],"uv":{"down":{"uv_size":[-8.0,-8.0],"uv":[16.0,8.0]},"west":{"uv_size":[8.0,0.5],"uv":[8.0,0.0]},"east":{"uv_size":[8.0,0.5],"uv":[8.0,0.0]},"up":{"uv_size":[-8.0,-8.0],"uv":[8.0,8.0]},"south":{"uv_size":[8.0,0.5],"uv":[8.0,0.0]}},"size":[16,1,16]},{"origin":[-2,1,0],"uv":{"west":{"uv_size":[0.5,6.0],"uv":[9.5,0.0]},"north":{"uv_size":[1.0,6.0],"uv":[8.5,0.0]},"up":{"uv_size":[-1.0,-0.5],"uv":[16.0,0.5]},"south":{"uv_size":[-1.0,6.0],"uv":[8.5,0.0]}},"size":[2,12,1]},{"origin":[-2,1,31],"uv":{"west":{"uv_size":[-0.5,6.0],"uv":[10.0,0.0]},"north":{"uv_size":[1.0,6.0],"uv":[7.5,0.0]},"up":{"uv_size":[-1.0,0.5],"uv":[16.0,0.0]},"south":{"uv_size":[-1.0,6.0],"uv":[9.5,0.0]}},"size":[2,12,1]},{"origin":[-1,1,1],"uv":{"west":{"uv_size":[1.0,6.0],"uv":[9.0,0.5]},"east":{"uv_size":[1.0,6.0],"uv":[6.5,2.0]},"up":{"uv_size":[-1.0,-0.5],"uv":[16.0,0.5]}},"size":[1,12,2]},{"origin":[-1,1,29],"uv":{"west":{"uv_size":[-1.0,6.0],"uv":[10.0,0.5]},"east":{"uv_size":[-1.0,6.0],"uv":[7.5,2.0]},"up":{"uv_size":[1.0,-0.5],"uv":[15.0,0.5]}},"size":[1,12,2]},{"origin":[-16,1,1],"uv":{"west":{"uv_size":[-1.0,6.0],"uv":[7.5,2.0]},"east":{"uv_size":[-1.0,6.0],"uv":[10.0,0.5]},"up":{"uv_size":[-1.0,0.5],"uv":[16.0,0.0]}},"size":[1,12,2]},{"origin":[-16,1,29],"uv":{"west":{"uv_size":[1.0,6.0],"uv":[6.5,2.0]},"east":{"uv_size":[1.0,6.0],"uv":[9.0,0.5]},"up":{"uv_size":[1.0,0.5],"uv":[15.0,0.0]}},"size":[1,12,2]},{"origin":[-16,1,0],"uv":{"east":{"uv_size":[0.5,6.0],"uv":[8.0,0.0]},"north":{"uv_size":[1.0,6.0],"uv":[8.5,0.0]},"up":{"uv_size":[-1.0,-0.5],"uv":[16.0,0.5]},"south":{"uv_size":[1.0,6.0],"uv":[7.5,0.0]}},"size":[2,12,1]},{"origin":[-16,1,31],"uv":{"east":{"uv_size":[-0.5,6.0],"uv":[8.5,0.0]},"north":{"uv_size":[-1.0,6.0],"uv":[8.5,0.0]},"up":{"uv_size":[-1.0,0.5],"uv":[16.0,0.0]},"south":{"uv_size":[-1.0,6.0],"uv":[9.5,0.0]}},"size":[2,12,1]},{"origin":[-14,1,0],"uv":{"north":{"uv_size":[6.0,0.5],"uv":[10.0,0.0]},"south":{"uv_size":[6.0,0.5],"uv":[1.0,5.0]}},"size":[12,1,1]},{"origin":[-14,1,31],"uv":{"north":{"uv_size":[-6.0,0.5],"uv":[7.0,5.0]},"south":{"uv_size":[-6.0,0.5],"uv":[16.0,0.0]}},"size":[12,1,1]},{"origin":[-14,11,0],"uv":{"north":{"uv_size":[6.0,1.0],"uv":[10.0,0.0]},"up":{"uv_size":[-6.0,-0.5],"uv":[16.0,4.5]},"south":{"uv_size":[6.0,1.0],"uv":[1.0,0.0]}},"size":[12,2,1]},{"origin":[-14,11,31],"uv":{"north":{"uv_size":[-6.0,1.0],"uv":[7.0,0.0]},"up":{"uv_size":[-6.0,0.5],"uv":[16.0,4.0]},"south":{"uv_size":[-6.0,1.0],"uv":[16.0,0.0]}},"size":[12,2,1]},{"origin":[-1,1,3],"uv":{"west":{"uv_size":[6.5,0.5],"uv":[9.5,0.0]},"east":{"uv_size":[6.5,0.5],"uv":[0.0,7.5]}},"size":[1,1,13]},{"origin":[-16,1,3],"uv":{"west":{"uv_size":[-6.5,0.5],"uv":[6.5,7.5]},"east":{"uv_size":[-6.5,0.5],"uv":[16.0,0.0]}},"size":[1,1,13]},{"origin":[-1,1,16],"uv":{"west":{"uv_size":[6.5,0.5],"uv":[9.5,0.0]},"east":{"uv_size":[6.5,0.5],"uv":[0.0,7.5]}},"size":[1,1,13]},{"origin":[-16,1,16],"uv":{"west":{"uv_size":[-6.5,0.5],"uv":[6.5,7.5]},"east":{"uv_size":[-6.5,0.5],"uv":[16.0,0.0]}},"size":[1,1,13]},{"origin":[-1,11,3],"uv":{"west":{"uv_size":[6.5,1.0],"uv":[9.5,0.0]},"east":{"uv_size":[6.5,1.0],"uv":[0.0,2.0]},"north":{"uv_size":[0.5,1.0],"uv":[8.0,0.0]},"up":{"uv_size":[-0.5,-6.5],"uv":[12.5,7.0]}},"size":[1,2,13]},{"origin":[-16,11,3],"uv":{"west":{"uv_size":[-6.5,1.0],"uv":[6.5,2.0]},"east":{"uv_size":[-6.5,1.0],"uv":[16.0,0.0]},"north":{"uv_size":[-0.5,1.0],"uv":[8.5,0.0]},"up":{"uv_size":[0.5,-6.5],"uv":[12.0,7.0]}},"size":[1,2,13]},{"origin":[-1,11,16],"uv":{"west":{"uv_size":[6.5,1.0],"uv":[9.5,0.0]},"east":{"uv_size":[6.5,1.0],"uv":[0.0,2.0]},"north":{"uv_size":[0.5,1.0],"uv":[8.0,0.0]},"up":{"uv_size":[-0.5,-6.5],"uv":[12.5,7.0]}},"size":[1,2,13]},{"origin":[-16,11,16],"uv":{"west":{"uv_size":[-6.5,1.0],"uv":[6.5,2.0]},"east":{"uv_size":[-6.5,1.0],"uv":[16.0,0.0]},"north":{"uv_size":[-0.5,1.0],"uv":[8.5,0.0]},"up":{"uv_size":[0.5,-6.5],"uv":[12.0,7.0]}},"size":[1,2,13]},{"origin":[-14,2,0],"uv":{"north":{"uv_size":[6.0,4.5],"uv":[1.0,9.5]},"south":{"uv_size":[6.0,4.5],"uv":[1.0,0.5]}},"size":[12,9,1]},{"origin":[-14,2,31],"uv":{"north":{"uv_size":[-6.0,4.5],"uv":[7.0,0.5]},"south":{"uv_size":[-6.0,4.5],"uv":[7.0,9.5]}},"size":[12,9,1]},{"origin":[-1,2,3],"uv":{"west":{"uv_size":[6.5,4.5],"uv":[0.5,9.5]},"east":{"uv_size":[6.5,4.5],"uv":[0.0,3.0]}},"size":[1,9,13]},{"origin":[-16,2,3],"uv":{"west":{"uv_size":[-6.5,4.5],"uv":[6.5,3.0]},"east":{"uv_size":[-6.5,4.5],"uv":[7.0,9.5]}},"size":[1,9,13]},{"origin":[-1,2,16],"uv":{"west":{"uv_size":[6.5,4.5],"uv":[0.5,9.5]},"east":{"uv_size":[6.5,4.5],"uv":[0.0,3.0]}},"size":[1,9,13]},{"origin":[-16,2,16],"uv":{"west":{"uv_size":[-6.5,4.5],"uv":[6.5,3.0]},"east":{"uv_size":[-6.5,4.5],"uv":[7.0,9.5]}},"size":[1,9,13]},{"origin":[-8,12,1],"pivot":[-1,13,16],"rotation":[0,0,135],"uv":{"down":{"uv_size":[3.5,7.5],"uv":[8.0,0.0]},"west":{"uv_size":[7.5,0.5],"uv":[8.5,0.0]},"east":{"uv_size":[7.5,0.5],"uv":[8.5,0.0]},"north":{"uv_size":[3.5,0.5],"uv":[9.5,0.0]},"up":{"uv_size":[3.5,7.5],"uv":[8.0,0.0]}},"size":[7,1,15]},{"origin":[-8,12,16],"pivot":[-1,13,16],"rotation":[0,0,135],"uv":{"down":{"uv_size":[3.5,-7.5],"uv":[8.0,7.5]},"west":{"uv_size":[-7.5,0.5],"uv":[16.0,0.0]},"east":{"uv_size":[-7.5,0.5],"uv":[16.0,0.0]},"up":{"uv_size":[3.5,-7.5],"uv":[8.0,7.5]},"south":{"uv_size":[-3.5,0.5],"uv":[13.0,0.0]}},"size":[7,1,15]},{"origin":[-15,12,1],"pivot":[-15,13,16],"rotation":[0,0,-135],"uv":{"down":{"uv_size":[-3.5,7.5],"uv":[11.5,0.0]},"west":{"uv_size":[-7.5,0.5],"uv":[16.0,0.0]},"east":{"uv_size":[-7.5,0.5],"uv":[16.0,0.0]},"north":{"uv_size":[-3.5,0.5],"uv":[13.0,0.0]},"up":{"uv_size":[-3.5,7.5],"uv":[11.5,0.0]}},"size":[7,1,15]},{"origin":[-15,12,16],"pivot":[-15,13,16],"rotation":[0,0,-135],"uv":{"down":{"uv_size":[-3.5,-7.5],"uv":[11.5,7.5]},"west":{"uv_size":[7.5,0.5],"uv":[8.5,0.0]},"east":{"uv_size":[7.5,0.5],"uv":[8.5,0.0]},"up":{"uv_size":[-3.5,-7.5],"uv":[11.5,7.5]},"south":{"uv_size":[3.5,0.5],"uv":[9.5,0.0]}},"size":[7,1,15]},{"origin":[-10,13,12],"pivot":[-15,13,16],"rotation":[0,0,-135],"uv":{"north":{"uv_size":[0.5,0.5],"uv":[15.5,14.5]},"west":{"uv_size":[2.0,0.5],"uv":[14.0,15.5]},"up":{"uv_size":[-0.5,-2.0],"uv":[16.0,14.5]},"down":{"uv_size":[-0.5,-2.0],"uv":[15.5,14.5]},"east":{"uv_size":[2.0,0.5],"uv":[14.0,15.0]},"south":{"uv_size":[0.5,0.5],"uv":[15.0,14.5]}},"size":[1,1,4]},{"origin":[-7,13,12],"pivot":[-1,13,16],"rotation":[0,0,135],"uv":{"north":{"uv_size":[-0.5,0.5],"uv":[16.0,14.5]},"west":{"uv_size":[-2.0,0.5],"uv":[16.0,15.0]},"up":{"uv_size":[0.5,-2.0],"uv":[15.5,14.5]},"down":{"uv_size":[0.5,-2.0],"uv":[15.0,14.5]},"east":{"uv_size":[-2.0,0.5],"uv":[16.0,15.5]},"south":{"uv_size":[-0.5,0.5],"uv":[15.5,14.5]}},"size":[1,1,4]}],"name":"root"}],"description":{"textures":["cy_vampire:coffin"],"identifier":"cy_vampire:coffin","item_texture":"cy_vampire:item_coffin","use_ao":true}}}