{"format_version":"1.13.0","netease:block_geometry":{"description":{"textures":["cy_vampire:endless_fire"],"identifier":"cy_vampire:endless_fire","use_ao":true},"bones":[{"name":"root","pivot":[0,0,0],"cubes":[{"origin":[-16,0,0],"size":[16,16,0],"uv":{"north":{"uv":[0.0,0.0],"uv_size":[16.0,16.0]},"east":{"uv":[0.0,0.0],"uv_size":[0.0,16.0]},"south":{"uv":[16.0,0.0],"uv_size":[-16.0,16.0]},"west":{"uv":[0.0,0.0],"uv_size":[0.0,16.0]},"up":{"uv":[16.0,0.0],"uv_size":[-16.0,0.0]},"down":{"uv":[16.0,0.0],"uv_size":[-16.0,0.0]}}},{"origin":[-16,0,5],"size":[16,16,0],"pivot":[0,0,5],"rotation":[-20,0,0],"uv":{"north":{"uv":[0.0,0.0],"uv_size":[16.0,16.0]},"east":{"uv":[0.0,0.0],"uv_size":[0.0,16.0]},"south":{"uv":[16.0,0.0],"uv_size":[-16.0,16.0]},"west":{"uv":[0.0,0.0],"uv_size":[0.0,16.0]},"up":{"uv":[16.0,0.0],"uv_size":[-16.0,0.0]},"down":{"uv":[16.0,0.0],"uv_size":[-16.0,0.0]}}},{"origin":[-32,0,0],"size":[16,16,0],"pivot":[-16,0,0],"rotation":[0,90,0],"uv":{"north":{"uv":[0.0,0.0],"uv_size":[16.0,16.0]},"east":{"uv":[0.0,0.0],"uv_size":[0.0,16.0]},"south":{"uv":[16.0,0.0],"uv_size":[-16.0,16.0]},"west":{"uv":[0.0,0.0],"uv_size":[0.0,16.0]},"up":{"uv":[16.0,0.0],"uv_size":[-16.0,0.0]},"down":{"uv":[16.0,0.0],"uv_size":[-16.0,0.0]}}},{"origin":[-27,0,0],"size":[16,16,0],"pivot":[-11,0,0],"rotation":[-20,90,0],"uv":{"north":{"uv":[0.0,0.0],"uv_size":[16.0,16.0]},"east":{"uv":[0.0,0.0],"uv_size":[0.0,16.0]},"south":{"uv":[16.0,0.0],"uv_size":[-16.0,16.0]},"west":{"uv":[0.0,0.0],"uv_size":[0.0,16.0]},"up":{"uv":[16.0,0.0],"uv_size":[-16.0,0.0]},"down":{"uv":[16.0,0.0],"uv_size":[-16.0,0.0]}}},{"origin":[-32,0,16],"size":[16,16,0],"pivot":[-16,0,16],"rotation":[0,180,0],"uv":{"north":{"uv":[0.0,0.0],"uv_size":[16.0,16.0]},"east":{"uv":[0.0,0.0],"uv_size":[0.0,16.0]},"south":{"uv":[16.0,0.0],"uv_size":[-16.0,16.0]},"west":{"uv":[0.0,0.0],"uv_size":[0.0,16.0]},"up":{"uv":[16.0,0.0],"uv_size":[-16.0,0.0]},"down":{"uv":[16.0,0.0],"uv_size":[-16.0,0.0]}}},{"origin":[-32,0,11],"size":[16,16,0],"pivot":[-16,0,11],"rotation":[-20,180,0],"uv":{"north":{"uv":[0.0,0.0],"uv_size":[16.0,16.0]},"east":{"uv":[0.0,0.0],"uv_size":[0.0,16.0]},"south":{"uv":[16.0,0.0],"uv_size":[-16.0,16.0]},"west":{"uv":[0.0,0.0],"uv_size":[0.0,16.0]},"up":{"uv":[16.0,0.0],"uv_size":[-16.0,0.0]},"down":{"uv":[16.0,0.0],"uv_size":[-16.0,0.0]}}},{"origin":[-16,0,16],"size":[16,16,0],"pivot":[0,0,16],"rotation":[0,-90,0],"uv":{"north":{"uv":[0.0,0.0],"uv_size":[16.0,16.0]},"east":{"uv":[0.0,0.0],"uv_size":[0.0,16.0]},"south":{"uv":[16.0,0.0],"uv_size":[-16.0,16.0]},"west":{"uv":[0.0,0.0],"uv_size":[0.0,16.0]},"up":{"uv":[16.0,0.0],"uv_size":[-16.0,0.0]},"down":{"uv":[16.0,0.0],"uv_size":[-16.0,0.0]}}},{"origin":[-21,0,16],"size":[16,16,0],"pivot":[-5,0,16],"rotation":[-20,-90,0],"uv":{"north":{"uv":[0.0,0.0],"uv_size":[16.0,16.0]},"east":{"uv":[0.0,0.0],"uv_size":[0.0,16.0]},"south":{"uv":[16.0,0.0],"uv_size":[-16.0,16.0]},"west":{"uv":[0.0,0.0],"uv_size":[0.0,16.0]},"up":{"uv":[16.0,0.0],"uv_size":[-16.0,0.0]},"down":{"uv":[16.0,0.0],"uv_size":[-16.0,0.0]}}}]}]}}