{"format_version":"1.13.0","netease:block_geometry":{"description":{"textures":["cy_vampire:fire_place_wood","cy_vampire:fire_place_black","cy_vampire:fire_place_fire"],"identifier":"cy_vampire:fire_place","use_ao":true},"bones":[{"name":"root","pivot":[0,0,0]},{"name":"coal","parent":"root","pivot":[0,0,0],"texture":1,"cubes":[{"origin":[-13,0,3],"size":[10,1,10],"uv":{"north":{"uv":[3,0],"uv_size":[10,1]},"east":{"uv":[3,0],"uv_size":[10,1]},"south":{"uv":[3,0],"uv_size":[10,1]},"west":{"uv":[3,0],"uv_size":[10,1]},"up":{"uv":[13,13],"uv_size":[-10,-10]},"down":{"uv":[13,13],"uv_size":[-10,-10]}}}]},{"name":"log","parent":"root","pivot":[0,0,0],"texture":0,"cubes":[{"origin":[-12,0,0],"size":[8,3,3],"uv":{"north":{"uv":[0,3],"uv_size":[8,3]},"east":{"uv":[13,0],"uv_size":[3,3]},"south":{"uv":[0,9],"uv_size":[8,3]},"west":{"uv":[13,3],"uv_size":[3,3]},"up":{"uv":[8,9],"uv_size":[-8,-3]},"down":{"uv":[8,3],"uv_size":[-8,-3]}}},{"origin":[-12,0,0],"size":[8,3,3],"pivot":[-8,0,8],"rotation":[0,90,0],"uv":{"north":{"uv":[0,3],"uv_size":[8,3]},"east":{"uv":[13,0],"uv_size":[3,3]},"south":{"uv":[0,9],"uv_size":[8,3]},"west":{"uv":[13,3],"uv_size":[3,3]},"up":{"uv":[8,9],"uv_size":[-8,-3]},"down":{"uv":[8,3],"uv_size":[-8,-3]}}},{"origin":[-12,0,0],"size":[8,3,3],"pivot":[-8,0,8],"rotation":[-180,0,180],"uv":{"north":{"uv":[0,3],"uv_size":[8,3]},"east":{"uv":[13,0],"uv_size":[3,3]},"south":{"uv":[0,9],"uv_size":[8,3]},"west":{"uv":[13,3],"uv_size":[3,3]},"up":{"uv":[8,9],"uv_size":[-8,-3]},"down":{"uv":[8,3],"uv_size":[-8,-3]}}},{"origin":[-12,0,0],"size":[8,3,3],"pivot":[-8,0,8],"rotation":[0,-90,0],"uv":{"north":{"uv":[0,3],"uv_size":[8,3]},"east":{"uv":[13,0],"uv_size":[3,3]},"south":{"uv":[0,9],"uv_size":[8,3]},"west":{"uv":[13,3],"uv_size":[3,3]},"up":{"uv":[8,9],"uv_size":[-8,-3]},"down":{"uv":[8,3],"uv_size":[-8,-3]}}},{"origin":[-11.5,-0.25,0],"size":[7,3.5,3],"pivot":[-8,-0.25,8],"rotation":[0,45,0],"uv":{"north":{"uv":[9,10],"uv_size":[7,3]},"east":{"uv":[0,10],"uv_size":[3,3]},"south":{"uv":[9,4],"uv_size":[7,3]},"west":{"uv":[0,13],"uv_size":[3,3]},"up":{"uv":[16,10],"uv_size":[-7,-3]},"down":{"uv":[16,16],"uv_size":[-7,-3]}}},{"origin":[-11.5,-0.25,0],"size":[7,3.5,3],"pivot":[-8,-0.25,8],"rotation":[-180,45,180],"uv":{"north":{"uv":[9,10],"uv_size":[7,3]},"east":{"uv":[0,10],"uv_size":[3,3]},"south":{"uv":[9,4],"uv_size":[7,3]},"west":{"uv":[0,13],"uv_size":[3,3]},"up":{"uv":[16,10],"uv_size":[-7,-3]},"down":{"uv":[16,16],"uv_size":[-7,-3]}}},{"origin":[-11.5,-0.25,0],"size":[7,3.5,3],"pivot":[-8,-0.25,8],"rotation":[-180,-45,180],"uv":{"north":{"uv":[9,10],"uv_size":[7,3]},"east":{"uv":[0,10],"uv_size":[3,3]},"south":{"uv":[9,4],"uv_size":[7,3]},"west":{"uv":[0,13],"uv_size":[3,3]},"up":{"uv":[16,10],"uv_size":[-7,-3]},"down":{"uv":[16,16],"uv_size":[-7,-3]}}},{"origin":[-11.5,-0.25,0],"size":[7,3.5,3],"pivot":[-8,-0.25,8],"rotation":[0,-45,0],"uv":{"north":{"uv":[9,10],"uv_size":[7,3]},"east":{"uv":[0,10],"uv_size":[3,3]},"south":{"uv":[9,4],"uv_size":[7,3]},"west":{"uv":[0,13],"uv_size":[3,3]},"up":{"uv":[16,10],"uv_size":[-7,-3]},"down":{"uv":[16,16],"uv_size":[-7,-3]}}},{"origin":[-8.5,-3,1],"size":[1,6,1],"pivot":[-8,0,8],"rotation":[-45,0,0],"uv":{"north":{"uv":[5,0],"uv_size":[1,6]},"east":{"uv":[5,0],"uv_size":[1,6]},"south":{"uv":[5,0],"uv_size":[1,6]},"west":{"uv":[5,0],"uv_size":[1,6]},"up":{"uv":[6,1],"uv_size":[-1,-1]},"down":{"uv":[6,1],"uv_size":[-1,-1]}}},{"origin":[-8.5,-3,1],"size":[1,6,1],"pivot":[-8,0,8],"rotation":[0,90,45],"uv":{"north":{"uv":[5,0],"uv_size":[1,6]},"east":{"uv":[5,0],"uv_size":[1,6]},"south":{"uv":[5,0],"uv_size":[1,6]},"west":{"uv":[5,0],"uv_size":[1,6]},"up":{"uv":[6,1],"uv_size":[-1,-1]},"down":{"uv":[6,1],"uv_size":[-1,-1]}}},{"origin":[-8.5,-3,1],"size":[1,6,1],"pivot":[-8,0,8],"rotation":[135,0,180],"uv":{"north":{"uv":[5,0],"uv_size":[1,6]},"east":{"uv":[5,0],"uv_size":[1,6]},"south":{"uv":[5,0],"uv_size":[1,6]},"west":{"uv":[5,0],"uv_size":[1,6]},"up":{"uv":[6,1],"uv_size":[-1,-1]},"down":{"uv":[6,1],"uv_size":[-1,-1]}}},{"origin":[-8.5,-3,1],"size":[1,6,1],"pivot":[-8,0,8],"rotation":[0,-90,-45],"uv":{"north":{"uv":[5,0],"uv_size":[1,6]},"east":{"uv":[5,0],"uv_size":[1,6]},"south":{"uv":[5,0],"uv_size":[1,6]},"west":{"uv":[5,0],"uv_size":[1,6]},"up":{"uv":[6,1],"uv_size":[-1,-1]},"down":{"uv":[6,1],"uv_size":[-1,-1]}}}]},{"name":"fire","parent":"root","pivot":[0,0,0],"texture":2,"cubes":[{"origin":[-14,0,7.975],"size":[12,11,0.075],"uv":{"north":{"uv":[0,0],"uv_size":[16,16]},"south":{"uv":[0,0],"uv_size":[16,16]}}},{"origin":[-13,0,13.05],"size":[10,10,0],"uv":{"north":{"uv":[0,0],"uv_size":[16,16]},"south":{"uv":[0,0],"uv_size":[16,16]}}},{"origin":[-13,0,3.05],"size":[10,10,0],"uv":{"north":{"uv":[0,0],"uv_size":[16,16]},"south":{"uv":[0,0],"uv_size":[16,16]}}},{"origin":[-8.025,0,2],"size":[0.075,11,12],"uv":{"east":{"uv":[0,0],"uv_size":[16,16]},"west":{"uv":[0,0],"uv_size":[16,16]}}},{"origin":[-13.025,0,3],"size":[0,10,10],"uv":{"east":{"uv":[0,0],"uv_size":[16,16]},"west":{"uv":[0,0],"uv_size":[16,16]}}},{"origin":[-3.025,0,3],"size":[0,10,10],"uv":{"east":{"uv":[0,0],"uv_size":[16,16]},"west":{"uv":[0,0],"uv_size":[16,16]}}}]}]}}