{"format_version":"1.13.0","netease:block_geometry":{"bones":[{"pivot":[-1,0,1],"cubes":[{"origin":[-15,0,1],"uv":{"north":{"uv_size":[7.0,1.0],"uv":[8.5,8.0]},"west":{"uv_size":[7.0,1.0],"uv":[8.5,8.0]},"up":{"uv_size":[-7.0,-7.0],"uv":[15.5,15.5]},"down":{"uv_size":[-7.0,-7.0],"uv":[15.5,15.5]},"east":{"uv_size":[7.0,1.0],"uv":[8.5,8.0]},"south":{"uv_size":[7.0,1.0],"uv":[8.5,8.0]}},"size":[14,2,14]},{"origin":[-13,2,3],"uv":{"west":{"uv_size":[5.0,4.5],"uv":[9.5,2.0]},"east":{"uv_size":[5.0,4.5],"uv":[9.5,2.0]},"north":{"uv_size":[5.0,4.5],"uv":[9.5,2.0]},"up":{"uv_size":[-8.0,-8.0],"uv":[8.0,8.0]},"south":{"uv_size":[5.0,4.5],"uv":[9.5,2.0]}},"size":[10,9,10]},{"origin":[-11,2,5],"uv":{"west":{"uv_size":[3.0,3.5],"uv":[2.5,10.5]},"east":{"uv_size":[3.0,3.5],"uv":[2.5,10.5]},"north":{"uv_size":[3.0,3.5],"uv":[2.5,10.5]},"up":{"uv_size":[-3.0,-3.0],"uv":[5.5,13.5]},"south":{"uv_size":[3.0,3.5],"uv":[2.5,10.5]}},"size":[6,7,6]}],"name":"root"}],"description":{"textures":["cy_vampire:garlic_beacon"],"identifier":"cy_vampire:garlic_beacon","use_ao":true}}}