{"format_version":"1.13.0","netease:block_geometry":{"bones":[{"pivot":[-8,0,8],"cubes":[{"origin":[-16,0,4],"uv":{"north":{"uv_size":[16.0,16.0],"uv":[0.0,0.0]},"west":{"uv_size":[0.0,16.0],"uv":[0.0,0.0]},"up":{"uv_size":[-16.0,0.0],"uv":[16.0,0.0]},"down":{"uv_size":[-16.0,0.0],"uv":[16.0,0.0]},"east":{"uv_size":[0.0,16.0],"uv":[0.0,0.0]},"south":{"uv_size":[-16.0,16.0],"uv":[16.0,0.0]}},"size":[16,16,0]},{"origin":[-16,0,12],"uv":{"north":{"uv_size":[16.0,16.0],"uv":[0.0,0.0]},"west":{"uv_size":[0.0,16.0],"uv":[0.0,0.0]},"up":{"uv_size":[-16.0,0.0],"uv":[16.0,0.0]},"down":{"uv_size":[-16.0,0.0],"uv":[16.0,0.0]},"east":{"uv_size":[0.0,16.0],"uv":[0.0,0.0]},"south":{"uv_size":[-16.0,16.0],"uv":[16.0,0.0]}},"size":[16,16,0]},{"origin":[-20,0,16],"pivot":[-4,0,16],"rotation":[0,-90,0],"uv":{"north":{"uv_size":[16.0,16.0],"uv":[0.0,0.0]},"west":{"uv_size":[0.0,16.0],"uv":[0.0,0.0]},"up":{"uv_size":[-16.0,0.0],"uv":[16.0,0.0]},"down":{"uv_size":[-16.0,0.0],"uv":[16.0,0.0]},"east":{"uv_size":[0.0,16.0],"uv":[0.0,0.0]},"south":{"uv_size":[-16.0,16.0],"uv":[16.0,0.0]}},"size":[16,16,0]},{"origin":[-28,0,16],"pivot":[-12,0,16],"rotation":[0,-90,0],"uv":{"north":{"uv_size":[16.0,16.0],"uv":[0.0,0.0]},"west":{"uv_size":[0.0,16.0],"uv":[0.0,0.0]},"up":{"uv_size":[-16.0,0.0],"uv":[16.0,0.0]},"down":{"uv_size":[-16.0,0.0],"uv":[16.0,0.0]},"east":{"uv_size":[0.0,16.0],"uv":[0.0,0.0]},"south":{"uv_size":[-16.0,16.0],"uv":[16.0,0.0]}},"size":[16,16,0]}],"name":"root"}],"description":{"textures":["cy_vampire:garlic_stage3"],"identifier":"cy_vampire:garlic_stage3","use_ao":true}}}