{"format_version":"1.13.0","netease:block_geometry":{"bones":[{"cubes":[{"origin":[-14,0,2],"pivot":[0,0,0],"rotation":[0,0,0],"size":[12,16,12],"uv":{"down":{"texture":0,"uv":[2,2],"uv_size":[12,12]},"east":{"texture":0,"uv":[2,1],"uv_size":[12,14]},"north":{"texture":0,"uv":[2,1],"uv_size":[12,14]},"south":{"texture":0,"uv":[2,1],"uv_size":[12,14]},"up":{"texture":0,"uv":[14,14],"uv_size":[-12,-12]},"west":{"texture":0,"uv":[2,1],"uv_size":[12,14]}}}],"name":"unknown_bone","pivot":[0,0,0]}],"description":{"identifier":"cy_vampire:garlic_beacon_core","textures":["cy_vampire:garlic_beacon_core"],"use_ao":true}}}