{"format_version":"1.13.0","netease:block_geometry":{"bones":[{"pivot":[0,0,0],"cubes":[{"origin":[-2,0,0],"uv":{"down":{"uv_size":[-0.5,-1.0],"uv":[0.5,16.0]},"west":{"uv_size":[0.5,4.0],"uv":[0.0,12.0]},"east":{"uv_size":[0.5,4.0],"uv":[3.25,9.0]},"north":{"uv_size":[0.5,4.0],"uv":[3.5,12.0]},"south":{"uv_size":[0.5,4.0],"uv":[0.0,12.0]}},"size":[2,8,2]},{"origin":[-2,0,14],"uv":{"down":{"uv_size":[-0.5,-1.0],"uv":[0.5,9.0]},"west":{"uv_size":[0.5,4.0],"uv":[3.5,12.0]},"east":{"uv_size":[0.5,4.0],"uv":[0.0,12.0]},"north":{"uv_size":[0.5,4.0],"uv":[1.5,9.0]},"south":{"uv_size":[0.5,4.0],"uv":[3.25,12.0]}},"size":[2,8,2]},{"origin":[-16,0,0],"uv":{"down":{"uv_size":[-0.5,-1.0],"uv":[4.0,16.0]},"west":{"uv_size":[0.5,4.0],"uv":[1.0,8.5]},"east":{"uv_size":[0.5,4.0],"uv":[3.5,12.0]},"north":{"uv_size":[0.5,4.0],"uv":[0.0,12.0]},"south":{"uv_size":[0.5,4.0],"uv":[2.75,12.0]}},"size":[2,8,2]},{"origin":[-16,0,14],"uv":{"down":{"uv_size":[-0.5,-1.0],"uv":[4.0,9.0]},"west":{"uv_size":[0.5,4.0],"uv":[3.5,9.0]},"east":{"uv_size":[0.5,4.0],"uv":[0.0,12.0]},"north":{"uv_size":[0.5,4.0],"uv":[0.0,9.0]},"south":{"uv_size":[0.5,4.0],"uv":[1.0,8.5]}},"size":[2,8,2]},{"origin":[-2,8,0],"uv":{"north":{"uv_size":[0.5,1.0],"uv":[7.5,9.0]},"west":{"uv_size":[0.5,1.0],"uv":[4.0,9.0]},"up":{"uv_size":[-0.5,-1.0],"uv":[4.5,9.0]},"down":{"uv_size":[-0.5,-1.0],"uv":[0.5,1.0]},"east":{"uv_size":[0.5,1.0],"uv":[7.5,9.0]},"south":{"uv_size":[0.5,1.0],"uv":[4.0,9.0]}},"size":[2,2,2]},{"origin":[-2,8,14],"uv":{"north":{"uv_size":[0.5,1.0],"uv":[7.5,9.0]},"west":{"uv_size":[0.5,1.0],"uv":[4.0,9.0]},"up":{"uv_size":[-0.5,-1.0],"uv":[4.5,16.0]},"down":{"uv_size":[-0.5,-1.0],"uv":[0.5,1.0]},"east":{"uv_size":[0.5,1.0],"uv":[4.0,9.0]},"south":{"uv_size":[0.5,1.0],"uv":[4.0,9.0]}},"size":[2,2,2]},{"origin":[-16,8,0],"uv":{"north":{"uv_size":[0.5,1.0],"uv":[4.0,9.0]},"west":{"uv_size":[0.5,1.0],"uv":[4.0,9.0]},"up":{"uv_size":[-0.5,-1.0],"uv":[8.0,9.0]},"down":{"uv_size":[-0.5,-1.0],"uv":[0.5,1.0]},"east":{"uv_size":[0.5,1.0],"uv":[7.5,9.0]},"south":{"uv_size":[0.5,1.0],"uv":[7.5,9.0]}},"size":[2,2,2]},{"origin":[-16,8,14],"uv":{"north":{"uv_size":[0.5,1.0],"uv":[4.0,9.0]},"west":{"uv_size":[0.5,1.0],"uv":[4.0,9.0]},"up":{"uv_size":[-0.5,-1.0],"uv":[8.0,16.0]},"down":{"uv_size":[-0.5,-1.0],"uv":[0.5,1.0]},"east":{"uv_size":[0.5,1.0],"uv":[4.0,9.0]},"south":{"uv_size":[0.5,1.0],"uv":[7.5,9.0]}},"size":[2,2,2]},{"origin":[-15,8,1],"uv":{"north":{"uv_size":[3.5,1.0],"uv":[4.25,9.0]},"west":{"uv_size":[3.5,1.0],"uv":[4.25,9.0]},"up":{"uv_size":[-3.5,-7.0],"uv":[7.75,15.5]},"down":{"uv_size":[-3.5,-7.0],"uv":[7.75,15.5]},"east":{"uv_size":[3.5,1.0],"uv":[4.25,9.0]},"south":{"uv_size":[3.5,1.0],"uv":[4.25,9.0]}},"size":[14,2,14]},{"origin":[-13,27,-6],"pivot":[-8,14,-9],"rotation":[-90,0,0],"uv":{"north":{"uv_size":[3.25,10.0],"uv":[11.75,0.0]},"west":{"uv_size":[1.0,10.0],"uv":[15.0,0.0]},"up":{"uv_size":[-1.0,-10.0],"uv":[16.0,10.0]},"down":{"uv_size":[-1.0,-10.0],"uv":[16.0,10.0]},"east":{"uv_size":[1.0,10.0],"uv":[10.75,0.0]},"south":{"uv_size":[3.25,10.0],"uv":[11.75,0.0]}},"size":[5,7,1]},{"origin":[-15,10,12.5],"uv":{"north":{"uv_size":[4.0,8.0],"uv":[0.0,0.0]},"west":{"uv_size":[0.0,8.0],"uv":[0.0,0.0]},"up":{"uv_size":[-4.0,0.0],"uv":[4.0,0.0]},"down":{"uv_size":[-4.0,0.0],"uv":[4.0,0.0]},"east":{"uv_size":[0.0,8.0],"uv":[0.0,0.0]},"south":{"uv_size":[-4.0,8.0],"uv":[4.0,0.0]}},"size":[6,6,0.025]},{"origin":[-7,10,14],"uv":{"north":{"uv_size":[4.0,8.0],"uv":[4.0,0.0]},"west":{"uv_size":[0.0,8.0],"uv":[0.0,0.0]},"up":{"uv_size":[-4.0,0.0],"uv":[4.0,0.0]},"down":{"uv_size":[-4.0,0.0],"uv":[4.0,0.0]},"east":{"uv_size":[0.0,8.0],"uv":[0.0,0.0]},"south":{"uv_size":[-4.0,8.0],"uv":[8.0,0.0]}},"size":[4,4,0.025]}],"name":"root"}],"description":{"textures":["cy_vampire:hunter_table"],"identifier":"cy_vampire:hunter_table","use_ao":true}}}