{"format_version":"1.13.0","netease:block_geometry":{"description":{"textures":["cy_vampire:weapon_table_lava","cy_vampire:weapon_table_lava2"],"identifier":"cy_vampire:weapon_table_lava","use_ao":true},"bones":[{"name":"root","pivot":[0,0,0],"texture":0,"cubes":[{"origin":[-16,0,0],"size":[2,1,2],"uv":{"north":{"uv":[8.5,2.5],"uv_size":[1.0,0.5]},"east":{"uv":[11.0,1.5],"uv_size":[1.0,0.5]},"south":{"uv":[11.0,2.0],"uv_size":[1.0,0.5]},"west":{"uv":[12.0,0.5],"uv_size":[1.0,0.5]},"down":{"uv":[11.0,1.5],"uv_size":[1.0,-1.0]}}},{"origin":[-16,0,5],"size":[2,1,2],"uv":{"north":{"uv":[12.0,2.0],"uv_size":[-1.0,0.5]},"east":{"uv":[12.0,1.5],"uv_size":[-1.0,0.5]},"south":{"uv":[9.5,2.5],"uv_size":[-1.0,0.5]},"west":{"uv":[13.0,0.5],"uv_size":[-1.0,0.5]},"down":{"uv":[11.0,0.5],"uv_size":[1.0,1.0]}}},{"origin":[-12,0,0],"size":[2,1,2],"uv":{"north":{"uv":[9.5,2.5],"uv_size":[-1.0,0.5]},"east":{"uv":[13.0,0.5],"uv_size":[-1.0,0.5]},"south":{"uv":[12.0,2.0],"uv_size":[-1.0,0.5]},"west":{"uv":[12.0,1.5],"uv_size":[-1.0,0.5]},"down":{"uv":[12.0,1.5],"uv_size":[-1.0,-1.0]}}},{"origin":[-12,0,5],"size":[2,1,2],"uv":{"north":{"uv":[11.0,2.0],"uv_size":[1.0,0.5]},"east":{"uv":[12.0,0.5],"uv_size":[1.0,0.5]},"south":{"uv":[8.5,2.5],"uv_size":[1.0,0.5]},"west":{"uv":[11.0,1.5],"uv_size":[1.0,0.5]},"down":{"uv":[12.0,0.5],"uv_size":[-1.0,1.0]}}},{"origin":[-15,1,1],"size":[5,1,5],"uv":{"up":{"uv":[8.5,8.5],"uv_size":[2.5,2.5]},"down":{"uv":[8.5,2.5],"uv_size":[2.5,-2.5]}}},{"origin":[-16,1,0],"size":[1,6,7],"uv":{"north":{"uv":[11.5,8.5],"uv_size":[0.5,3.0]},"east":{"uv":[5.0,0.0],"uv_size":[3.5,3.0]},"south":{"uv":[12.0,12.0],"uv_size":[0.5,3.0]},"west":{"uv":[0.0,8.0],"uv_size":[3.5,3.0]},"up":{"uv":[11.0,11.0],"uv_size":[0.5,3.5]},"down":{"uv":[11.5,15.0],"uv_size":[0.5,-3.5]}}},{"origin":[-10,1,0],"size":[1,6,7],"uv":{"north":{"uv":[12.0,8.5],"uv_size":[-0.5,3.0]},"east":{"uv":[3.5,8.0],"uv_size":[-3.5,3.0]},"south":{"uv":[12.5,12.0],"uv_size":[-0.5,3.0]},"west":{"uv":[8.5,0.0],"uv_size":[-3.5,3.0]},"up":{"uv":[11.5,11.0],"uv_size":[-0.5,3.5]},"down":{"uv":[12.0,15.0],"uv_size":[-0.5,-3.5]}}},{"origin":[-15,1,0],"size":[5,6,1],"uv":{"north":{"uv":[3.5,8.0],"uv_size":[2.5,3.0]},"south":{"uv":[6.0,8.0],"uv_size":[2.5,3.0]},"up":{"uv":[10.0,4.0],"uv_size":[2.5,0.5]},"down":{"uv":[11.0,0.5],"uv_size":[2.5,-0.5]}}},{"origin":[-15,1,6],"size":[5,6,1],"uv":{"north":{"uv":[8.5,8.0],"uv_size":[-2.5,3.0]},"south":{"uv":[6.0,8.0],"uv_size":[-2.5,3.0]},"up":{"uv":[10.0,4.5],"uv_size":[2.5,-0.5]},"down":{"uv":[11.0,0.0],"uv_size":[2.5,0.5]}}},{"origin":[-13,0,8],"size":[10,2,8],"uv":{"north":{"uv":[9.0,6.0],"uv_size":[5.0,1.0]},"east":{"uv":[10.0,2.5],"uv_size":[4.0,1.0]},"south":{"uv":[9.0,6.0],"uv_size":[5.0,1.0]},"west":{"uv":[10.0,2.5],"uv_size":[4.0,1.0]},"up":{"uv":[0.0,4.0],"uv_size":[5.0,-4.0]},"down":{"uv":[0.0,4.0],"uv_size":[5.0,-4.0]}}},{"origin":[-12,2,9],"size":[8,1,6],"uv":{"north":{"uv":[5.0,4.5],"uv_size":[4.0,0.5]},"east":{"uv":[10.0,3.5],"uv_size":[3.0,0.5]},"south":{"uv":[5.0,4.5],"uv_size":[4.0,0.5]},"west":{"uv":[10.0,3.5],"uv_size":[3.0,0.5]},"up":{"uv":[5.0,5.0],"uv_size":[4.0,3.0]}}},{"origin":[-11,3,10],"size":[6,3,4],"uv":{"north":{"uv":[9.0,7.0],"uv_size":[3.0,1.5]},"east":{"uv":[7.5,11.0],"uv_size":[2.0,1.5]},"south":{"uv":[9.0,7.0],"uv_size":[3.0,1.5]},"west":{"uv":[7.5,11.0],"uv_size":[2.0,1.5]}}},{"origin":[-13,6,8],"size":[10,3,8],"uv":{"north":{"uv":[5.0,3.0],"uv_size":[5.0,1.5]},"east":{"uv":[9.0,4.5],"uv_size":[4.0,1.5]},"south":{"uv":[5.0,3.0],"uv_size":[5.0,1.5]},"west":{"uv":[9.0,4.5],"uv_size":[4.0,1.5]},"up":{"uv":[0.0,4.0],"uv_size":[5.0,4.0]},"down":{"uv":[0.0,4.0],"uv_size":[5.0,4.0]}}},{"origin":[-5,0,2],"size":[5,3,3],"uv":{"north":{"uv":[0.0,11.0],"uv_size":[2.5,1.5]},"east":{"uv":[9.5,11.0],"uv_size":[1.5,1.5]},"south":{"uv":[0.0,11.0],"uv_size":[2.5,1.5]},"west":{"uv":[9.5,11.0],"uv_size":[1.5,1.5]},"up":{"uv":[2.5,11.0],"uv_size":[2.5,1.5]},"down":{"uv":[5.0,12.5],"uv_size":[2.5,-1.5]}}},{"origin":[-3,3,3],"size":[1,6,1],"uv":{"north":{"uv":[12.0,7.0],"uv_size":[0.5,3.0]},"east":{"uv":[12.0,7.0],"uv_size":[0.5,3.0]},"south":{"uv":[12.0,7.0],"uv_size":[0.5,3.0]},"west":{"uv":[12.0,7.0],"uv_size":[0.5,3.0]},"up":{"uv":[8.5,8.0],"uv_size":[0.5,0.5]}}}]},{"name":"lava","parent":"root","pivot":[0,5,0],"texture":1,"cubes":[{"origin":[-15,6,1],"size":[5,1,5],"uv":{"up":{"uv":[6,5],"uv_size":[5,5]}}}]}]}}