{"format_version":"1.13.0","netease:block_geometry":{"bones":[{"pivot":[0,0,0],"cubes":[{"origin":[-3,0,7],"uv":{"north":{"uv_size":[1.0,3.5],"uv":[3.0,12.5]},"west":{"uv_size":[1.5,3.5],"uv":[2.0,12.5]},"up":{"uv_size":[-1.0,-1.5],"uv":[4.0,10.5]},"down":{"uv_size":[-1.0,-1.5],"uv":[12.5,3.5]},"east":{"uv_size":[1.5,3.5],"uv":[2.5,12.5]},"south":{"uv_size":[1.0,3.5],"uv":[3.5,12.5]}},"size":[2,7,3]},{"origin":[-15,0,7],"uv":{"north":{"uv_size":[-1.0,3.5],"uv":[4.0,12.5]},"west":{"uv_size":[-1.5,3.5],"uv":[4.0,12.5]},"up":{"uv_size":[1.0,-1.5],"uv":[3.0,10.5]},"down":{"uv_size":[1.0,-1.5],"uv":[11.5,3.5]},"east":{"uv_size":[-1.5,3.5],"uv":[3.5,12.5]},"south":{"uv_size":[-1.0,3.5],"uv":[4.5,12.5]}},"size":[2,7,3]},{"origin":[-14,7,7],"uv":{"down":{"uv_size":[-6.0,-6.5],"uv":[7.0,15.0]},"west":{"uv_size":[6.5,0.5],"uv":[9.5,1.5]},"east":{"uv_size":[6.5,0.5],"uv":[9.5,4.0]},"up":{"uv_size":[-6.0,-6.5],"uv":[6.0,6.5]}},"size":[12,1,13]},{"origin":[-14.025,7,20],"pivot":[-8,7,20],"rotation":[45,0,0],"uv":{"north":{"uv_size":[6.025,0.5],"uv":[0.0,0.0]},"west":{"uv_size":[6.0,0.5],"uv":[10.0,1.5]},"up":{"uv_size":[-6.025,-6.0],"uv":[6.025,6.0]},"down":{"uv_size":[-6.0,-6.0],"uv":[7.0,15.0]},"east":{"uv_size":[6.0,0.5],"uv":[10.0,2.5]},"south":{"uv_size":[6.0,0.5],"uv":[8.5,1.5]}},"size":[12.05,1,11.75]},{"origin":[-14.025,7,-2.75],"pivot":[-8,8,7],"rotation":[45,0,0],"uv":{"north":{"uv_size":[6.0,0.5],"uv":[10.0,1.0]},"west":{"uv_size":[5.0,0.5],"uv":[11.0,0.0]},"up":{"uv_size":[-6.025,-5.0],"uv":[6.025,5.0]},"down":{"uv_size":[-6.0,-5.0],"uv":[7.0,14.5]},"east":{"uv_size":[5.0,0.5],"uv":[11.0,2.0]},"south":{"uv_size":[6.025,0.5],"uv":[0.0,0.0]}},"size":[12.05,1,9.75]},{"origin":[-3,0,15],"uv":{"north":{"uv_size":[1.0,3.5],"uv":[1.5,12.5]},"west":{"uv_size":[2.5,3.5],"uv":[4.5,12.5]},"up":{"uv_size":[-1.0,-2.5],"uv":[4.0,13.5]},"down":{"uv_size":[-1.0,-2.5],"uv":[13.5,5.0]},"east":{"uv_size":[2.5,3.5],"uv":[1.5,12.5]},"south":{"uv_size":[1.0,3.5],"uv":[4.5,12.5]}},"size":[2,7,5]},{"origin":[-15,0,15],"uv":{"north":{"uv_size":[-1.0,3.5],"uv":[2.5,12.5]},"west":{"uv_size":[-2.5,3.5],"uv":[4.0,12.5]},"up":{"uv_size":[1.0,-2.5],"uv":[3.0,13.5]},"down":{"uv_size":[1.0,-2.5],"uv":[12.5,5.0]},"east":{"uv_size":[-2.5,3.5],"uv":[7.0,12.5]},"south":{"uv_size":[-1.0,3.5],"uv":[5.5,12.5]}},"size":[2,7,5]},{"origin":[-2,7,15],"uv":{"west":{"uv_size":[1.0,1.5],"uv":[5.0,12.0]},"east":{"uv_size":[1.0,1.5],"uv":[2.0,12.0]},"north":{"uv_size":[0.5,1.5],"uv":[3.5,13.0]},"up":{"uv_size":[-0.5,-1.0],"uv":[7.0,12.0]},"south":{"uv_size":[0.5,1.5],"uv":[6.0,12.0]}},"size":[1,3,2]},{"origin":[-15,7,15],"uv":{"west":{"uv_size":[-1.0,1.5],"uv":[3.0,12.0]},"east":{"uv_size":[-1.0,1.5],"uv":[6.0,12.0]},"north":{"uv_size":[-0.5,1.5],"uv":[4.0,13.0]},"up":{"uv_size":[0.5,-1.0],"uv":[6.5,12.0]},"south":{"uv_size":[-0.5,1.5],"uv":[6.5,12.0]}},"size":[1,3,2]},{"origin":[-1.975,7,7],"pivot":[-0.975,7,7],"rotation":[-45,0,0],"uv":{"north":{"uv_size":[0.5,2.0],"uv":[1.5,10.5]},"west":{"uv_size":[0.5,2.0],"uv":[1.5,10.5]},"up":{"uv_size":[-0.5,-0.5],"uv":[4.0,10.5]},"down":{"uv_size":[-0.5,-0.5],"uv":[2.5,11.5]},"east":{"uv_size":[0.5,2.0],"uv":[1.5,10.5]},"south":{"uv_size":[0.5,2.0],"uv":[1.5,10.5]}},"size":[1,4.25,1]},{"origin":[-15.025,7,7],"pivot":[-15.025,7,7],"rotation":[-45,0,0],"uv":{"north":{"uv_size":[-0.5,2.0],"uv":[2.0,10.5]},"west":{"uv_size":[-0.5,2.0],"uv":[2.0,10.5]},"up":{"uv_size":[0.5,-0.5],"uv":[3.5,10.5]},"down":{"uv_size":[0.5,-0.5],"uv":[2.0,11.5]},"east":{"uv_size":[-0.5,2.0],"uv":[2.0,10.5]},"south":{"uv_size":[-0.5,2.0],"uv":[2.0,10.5]}},"size":[1,4.25,1]},{"origin":[-2,9,10],"uv":{"north":{"uv_size":[0.5,0.5],"uv":[2.0,9.5]},"west":{"uv_size":[2.5,0.5],"uv":[2.0,9.5]},"up":{"uv_size":[-0.5,-2.5],"uv":[3.0,11.0]},"down":{"uv_size":[-0.5,-2.5],"uv":[4.5,14.0]},"east":{"uv_size":[2.5,0.5],"uv":[2.0,9.5]},"south":{"uv_size":[0.5,0.5],"uv":[2.0,9.5]}},"size":[1,1,5]},{"origin":[-15,9,10],"uv":{"north":{"uv_size":[-0.5,0.5],"uv":[2.5,9.5]},"west":{"uv_size":[-2.5,0.5],"uv":[4.5,9.5]},"up":{"uv_size":[0.5,-2.5],"uv":[2.5,11.0]},"down":{"uv_size":[0.5,-2.5],"uv":[4.0,14.0]},"east":{"uv_size":[-2.5,0.5],"uv":[4.5,9.5]},"south":{"uv_size":[-0.5,0.5],"uv":[2.5,9.5]}},"size":[1,1,5]},{"origin":[-2,11,14],"uv":{"down":{"uv_size":[-0.5,-0.5],"uv":[3.0,11.5]},"north":{"uv_size":[0.5,0.5],"uv":[2.0,12.0]},"up":{"uv_size":[-0.5,-0.5],"uv":[3.0,12.0]},"south":{"uv_size":[0.5,0.5],"uv":[3.0,11.5]}},"size":[1,1,1]},{"origin":[-15,11,14],"uv":{"down":{"uv_size":[0.5,-0.5],"uv":[2.5,11.5]},"north":{"uv_size":[-0.5,0.5],"uv":[2.5,12.0]},"up":{"uv_size":[0.5,-0.5],"uv":[2.5,12.0]},"south":{"uv_size":[-0.5,0.5],"uv":[3.5,11.5]}},"size":[1,1,1]},{"origin":[-1,9,14],"uv":{"north":{"uv_size":[0.5,1.5],"uv":[5.0,10.0]},"west":{"uv_size":[0.5,1.5],"uv":[5.0,10.0]},"up":{"uv_size":[-0.5,-0.5],"uv":[3.0,12.0]},"down":{"uv_size":[-0.5,-0.5],"uv":[3.0,12.0]},"east":{"uv_size":[0.5,1.5],"uv":[5.0,10.0]},"south":{"uv_size":[0.5,1.5],"uv":[5.0,10.0]}},"size":[1,3,1]},{"origin":[-16,9,14],"uv":{"north":{"uv_size":[-0.5,1.5],"uv":[5.5,10.0]},"west":{"uv_size":[-0.5,1.5],"uv":[5.5,10.0]},"up":{"uv_size":[0.5,-0.5],"uv":[2.5,12.0]},"down":{"uv_size":[0.5,-0.5],"uv":[2.5,12.0]},"east":{"uv_size":[-0.5,1.5],"uv":[5.5,10.0]},"south":{"uv_size":[-0.5,1.5],"uv":[5.5,10.0]}},"size":[1,3,1]},{"origin":[-3,9,14],"uv":{"north":{"uv_size":[0.5,1.5],"uv":[5.0,10.0]},"west":{"uv_size":[0.5,1.5],"uv":[5.0,10.0]},"up":{"uv_size":[-0.5,-0.5],"uv":[3.0,12.0]},"down":{"uv_size":[-0.5,-0.5],"uv":[3.0,12.0]},"east":{"uv_size":[0.5,1.5],"uv":[5.0,10.0]},"south":{"uv_size":[0.5,1.5],"uv":[5.0,10.0]}},"size":[1,3,1]},{"origin":[-14,9,14],"uv":{"north":{"uv_size":[-0.5,1.5],"uv":[5.5,10.0]},"west":{"uv_size":[-0.5,1.5],"uv":[5.5,10.0]},"up":{"uv_size":[0.5,-0.5],"uv":[2.5,12.0]},"down":{"uv_size":[0.5,-0.5],"uv":[2.5,12.0]},"east":{"uv_size":[-0.5,1.5],"uv":[5.5,10.0]},"south":{"uv_size":[-0.5,1.5],"uv":[5.5,10.0]}},"size":[1,3,1]}],"name":"root"}],"description":{"textures":["cy_vampire:injection_chair"],"identifier":"cy_vampire:injection_chair","item_texture":"cy_vampire:item_injection_chair","use_ao":true}}}