{"format_version":"1.13.0","netease:block_geometry":{"bones":[{"pivot":[0,0,0],"cubes":[{"origin":[-16,0,0],"uv":{"north":{"uv_size":[8.0,8.0],"uv":[0.0,8.0]},"west":{"uv_size":[8.0,8.0],"uv":[0.0,8.0]},"up":{"uv_size":[-8.0,-8.0],"uv":[8.0,16.0]},"down":{"uv_size":[-8.0,-8.0],"uv":[8.0,16.0]},"east":{"uv_size":[8.0,8.0],"uv":[0.0,8.0]},"south":{"uv_size":[8.0,8.0],"uv":[0.0,8.0]}},"size":[16,16,16]},{"origin":[-14,0,2],"uv":{"north":{"uv_size":[6.0,1.5],"uv":[9.0,6.5]},"west":{"uv_size":[6.0,1.5],"uv":[9.0,6.5]},"up":{"uv_size":[-6.0,-6.0],"uv":[15.0,7.0]},"down":{"uv_size":[-6.0,-6.0],"uv":[15.0,7.0]},"east":{"uv_size":[6.0,1.5],"uv":[9.0,6.5]},"south":{"uv_size":[6.0,1.5],"uv":[9.0,6.5]}},"size":[12,3,12]},{"origin":[-13,3,3],"uv":{"north":{"uv_size":[5.0,5.0],"uv":[1.5,1.5]},"west":{"uv_size":[5.0,5.0],"uv":[1.5,1.5]},"up":{"uv_size":[-5.0,-5.0],"uv":[6.5,6.5]},"down":{"uv_size":[-5.0,-5.0],"uv":[6.5,6.5]},"east":{"uv_size":[5.0,5.0],"uv":[1.5,1.5]},"south":{"uv_size":[5.0,5.0],"uv":[1.5,1.5]}},"size":[10,10,10]}],"name":"root"}],"description":{"textures":["cy_vampire:sunscreen_beacon"],"identifier":"cy_vampire:sunscreen_beacon","use_ao":true}}}