{"format_version":"1.13.0","netease:block_geometry":{"bones":[{"pivot":[0,0,0],"cubes":[{"origin":[-16,0,0],"uv":{"north":{"uv_size":[8.0,0.5],"uv":[0.0,0.0]},"west":{"uv_size":[8.0,0.5],"uv":[0.0,0.0]},"up":{"uv_size":[-8.0,-8.0],"uv":[8.0,8.0]},"down":{"uv_size":[-8.0,-8.0],"uv":[8.0,8.0]},"east":{"uv_size":[8.0,0.5],"uv":[0.0,0.0]},"south":{"uv_size":[8.0,0.5],"uv":[0.0,0.0]}},"size":[16,1,16]},{"origin":[-22,0.25,2],"uv":{"north":{"uv_size":[8.0,0.5],"uv":[8.0,15.5]},"west":{"uv_size":[8.0,0.5],"uv":[8.0,6.5]},"up":{"uv_size":[-8.0,8.0],"uv":[16.0,8.0]},"down":{"uv_size":[-8.0,-8.0],"uv":[16.0,16.0]},"east":{"uv_size":[8.0,0.5],"uv":[8.0,6.5]},"south":{"uv_size":[8.0,0.5],"uv":[0.0,0.0]}},"size":[12,1,12]},{"origin":[-22,0.25,14],"uv":{"north":{"uv_size":[8.0,0.5],"uv":[0.0,0.0]},"west":{"uv_size":[8.0,0.5],"uv":[8.0,4.0]},"up":{"uv_size":[-8.0,8.0],"uv":[16.0,0.0]},"down":{"uv_size":[-8.0,-8.0],"uv":[16.0,8.0]},"east":{"uv_size":[8.0,0.5],"uv":[8.0,4.0]},"south":{"uv_size":[8.0,0.5],"uv":[8.0,0.0]}},"size":[12,1,12]},{"origin":[-32,0,16],"uv":{"north":{"uv_size":[8.0,0.5],"uv":[0.0,0.0]},"west":{"uv_size":[8.0,0.5],"uv":[0.0,0.0]},"up":{"uv_size":[-8.0,-8.0],"uv":[8.0,8.0]},"down":{"uv_size":[-8.0,-8.0],"uv":[8.0,8.0]},"east":{"uv_size":[8.0,0.5],"uv":[0.0,0.0]},"south":{"uv_size":[8.0,0.5],"uv":[0.0,0.0]}},"size":[16,1,16]},{"origin":[-16,0,16],"uv":{"north":{"uv_size":[8.0,0.5],"uv":[0.0,0.0]},"west":{"uv_size":[8.0,0.5],"uv":[0.0,0.0]},"up":{"uv_size":[-8.0,-8.0],"uv":[8.0,8.0]},"down":{"uv_size":[-8.0,-8.0],"uv":[8.0,8.0]},"east":{"uv_size":[8.0,0.5],"uv":[0.0,0.0]},"south":{"uv_size":[8.0,0.5],"uv":[0.0,0.0]}},"size":[16,1,16]},{"origin":[-21.2,0,0.025],"pivot":[0,1,0],"rotation":[0,0,45],"uv":{"north":{"uv_size":[8.0,0.5],"uv":[0.0,0.0]},"west":{"uv_size":[8.0,0.5],"uv":[0.0,0.0]},"up":{"uv_size":[-8.0,-8.0],"uv":[8.0,8.0]},"down":{"uv_size":[-8.0,-8.0],"uv":[8.0,8.0]},"east":{"uv_size":[8.0,0.5],"uv":[0.0,0.0]},"south":{"uv_size":[8.0,0.5],"uv":[0.0,0.0]}},"size":[21.2,1,15.975]},{"origin":[-32,0,16],"pivot":[-32,1,16],"rotation":[0,0,-45],"uv":{"north":{"uv_size":[-8.0,0.5],"uv":[8.0,0.0]},"west":{"uv_size":[-8.0,0.5],"uv":[8.0,0.0]},"up":{"uv_size":[8.0,-8.0],"uv":[0.0,8.0]},"down":{"uv_size":[8.0,-8.0],"uv":[0.0,8.0]},"east":{"uv_size":[-8.0,0.5],"uv":[8.0,0.0]},"south":{"uv_size":[-8.0,0.5],"uv":[8.0,0.0]}},"size":[21.2,1,15.95]},{"origin":[-32,0,0.025],"pivot":[-32,1,0],"rotation":[0,0,-45],"uv":{"north":{"uv_size":[-8.0,0.5],"uv":[8.0,0.0]},"west":{"uv_size":[-8.0,0.5],"uv":[8.0,0.0]},"up":{"uv_size":[8.0,-8.0],"uv":[0.0,8.0]},"down":{"uv_size":[8.0,-8.0],"uv":[0.0,8.0]},"east":{"uv_size":[-8.0,0.5],"uv":[8.0,0.0]},"south":{"uv_size":[-8.0,0.5],"uv":[8.0,0.0]}},"size":[21.2,1,15.975]},{"origin":[-21.2,0,16],"pivot":[0,1,16],"rotation":[0,0,45],"uv":{"north":{"uv_size":[8.0,0.5],"uv":[0.0,0.0]},"west":{"uv_size":[8.0,0.5],"uv":[0.0,0.0]},"up":{"uv_size":[-8.0,-8.0],"uv":[8.0,8.0]},"down":{"uv_size":[-8.0,-8.0],"uv":[8.0,8.0]},"east":{"uv_size":[8.0,0.5],"uv":[0.0,0.0]},"south":{"uv_size":[8.0,0.5],"uv":[0.0,0.0]}},"size":[21.2,1,15.95]},{"origin":[-32,0,0],"uv":{"north":{"uv_size":[8.0,0.5],"uv":[0.0,0.0]},"west":{"uv_size":[8.0,0.5],"uv":[0.0,0.0]},"up":{"uv_size":[-8.0,-8.0],"uv":[8.0,8.0]},"down":{"uv_size":[-8.0,-8.0],"uv":[8.0,8.0]},"east":{"uv_size":[8.0,0.5],"uv":[0.0,0.0]},"south":{"uv_size":[8.0,0.5],"uv":[0.0,0.0]}},"size":[16,1,16]},{"origin":[-17,15,16],"uv":{"north":{"uv_size":[1.0,0.5],"uv":[0.0,0.0]},"west":{"uv_size":[8.0,0.5],"uv":[0.0,0.0]},"up":{"uv_size":[-1.0,-8.0],"uv":[1.0,8.0]},"down":{"uv_size":[-1.0,-8.0],"uv":[1.0,8.0]},"east":{"uv_size":[8.0,0.5],"uv":[0.0,0.0]},"south":{"uv_size":[1.0,0.5],"uv":[0.0,0.0]}},"size":[2,1,16]},{"origin":[-17,15,0],"uv":{"north":{"uv_size":[1.0,0.5],"uv":[0.0,0.0]},"west":{"uv_size":[8.0,0.5],"uv":[0.0,0.0]},"up":{"uv_size":[-1.0,-8.0],"uv":[1.0,8.0]},"down":{"uv_size":[-1.0,-8.0],"uv":[1.0,8.0]},"east":{"uv_size":[8.0,0.5],"uv":[0.0,0.0]},"south":{"uv_size":[1.0,0.5],"uv":[0.0,0.0]}},"size":[2,1,16]},{"origin":[-16,0,31.975],"uv":{"north":{"uv_size":[8.0,8.0],"uv":[0.0,8.0]},"south":{"uv_size":[-8.0,8.0],"uv":[8.0,8.0]}},"size":[16,16,0.025]},{"origin":[-32,0,31.975],"uv":{"north":{"uv_size":[-8.0,8.0],"uv":[8.0,8.0]},"south":{"uv_size":[8.0,8.0],"uv":[0.0,8.0]}},"size":[16,16,0.025]}],"name":"root"}],"description":{"textures":["cy_vampire:tent"],"identifier":"cy_vampire:tent","item_texture":"cy_vampire:item_tent","use_ao":true}}}