{"format_version":"1.13.0","netease:block_geometry":{"bones":[{"pivot":[0,0,0],"cubes":[{"origin":[-15,1,1],"uv":{"north":{"uv_size":[7.0,0.5],"uv":[8.0,12.0]},"west":{"uv_size":[7.0,0.5],"uv":[8.5,15.0]},"up":{"uv_size":[-7.0,-7.0],"uv":[15.5,15.5]},"down":{"uv_size":[-7.0,-7.0],"uv":[15.5,15.5]},"east":{"uv_size":[7.0,0.5],"uv":[8.5,9.0]},"south":{"uv_size":[7.0,0.5],"uv":[8.5,13.0]}},"size":[14,1,14]},{"origin":[-15,8,1],"uv":{"north":{"uv_size":[7.0,0.5],"uv":[8.5,13.0]},"west":{"uv_size":[7.0,0.5],"uv":[8.5,9.5]},"up":{"uv_size":[-7.0,-7.0],"uv":[15.5,15.5]},"down":{"uv_size":[-7.0,-7.0],"uv":[15.5,15.5]},"east":{"uv_size":[7.0,0.5],"uv":[8.5,14.0]},"south":{"uv_size":[7.0,0.5],"uv":[8.5,11.5]}},"size":[14,1,14]},{"origin":[-2,2,1],"uv":{"west":{"uv_size":[0.5,3.0],"uv":[14.5,12.0]},"east":{"uv_size":[0.5,3.0],"uv":[14.5,12.0]},"north":{"uv_size":[0.5,3.0],"uv":[14.5,12.0]},"south":{"uv_size":[0.5,3.0],"uv":[14.5,12.0]}},"size":[1,6,1]},{"origin":[-15,2,1],"uv":{"west":{"uv_size":[-0.5,3.0],"uv":[15.0,12.0]},"east":{"uv_size":[-0.5,3.0],"uv":[15.0,12.0]},"north":{"uv_size":[-0.5,3.0],"uv":[15.0,12.0]},"south":{"uv_size":[-0.5,3.0],"uv":[15.0,12.0]}},"size":[1,6,1]},{"origin":[-2,2,14],"uv":{"west":{"uv_size":[-0.5,3.0],"uv":[15.0,12.0]},"east":{"uv_size":[-0.5,3.0],"uv":[15.0,12.0]},"north":{"uv_size":[-0.5,3.0],"uv":[15.0,12.0]},"south":{"uv_size":[-0.5,3.0],"uv":[15.0,12.0]}},"size":[1,6,1]},{"origin":[-15,2,14],"uv":{"west":{"uv_size":[0.5,3.0],"uv":[14.5,12.0]},"east":{"uv_size":[0.5,3.0],"uv":[14.5,12.0]},"north":{"uv_size":[0.5,3.0],"uv":[14.5,12.0]},"south":{"uv_size":[0.5,3.0],"uv":[14.5,12.0]}},"size":[1,6,1]},{"origin":[-9,2,1],"uv":{"west":{"uv_size":[0.5,3.0],"uv":[9.5,8.0]},"east":{"uv_size":[0.5,3.0],"uv":[8.0,8.0]},"north":{"uv_size":[1.0,3.0],"uv":[8.5,8.0]},"south":{"uv_size":[1.0,3.0],"uv":[10.0,8.0]}},"size":[2,6,1]},{"origin":[-15,2,7],"uv":{"west":{"uv_size":[1.0,3.0],"uv":[10.0,8.0]},"east":{"uv_size":[1.0,3.0],"uv":[8.5,8.0]},"north":{"uv_size":[0.5,3.0],"uv":[9.5,8.0]},"south":{"uv_size":[0.5,3.0],"uv":[8.0,8.0]}},"size":[1,6,2]},{"origin":[-9,2,14],"uv":{"west":{"uv_size":[0.5,3.0],"uv":[8.0,8.0]},"east":{"uv_size":[0.5,3.0],"uv":[9.5,8.0]},"north":{"uv_size":[1.0,3.0],"uv":[10.0,8.0]},"south":{"uv_size":[1.0,3.0],"uv":[8.5,8.0]}},"size":[2,6,1]},{"origin":[-9,2,14],"uv":{"west":{"uv_size":[0.5,3.0],"uv":[8.0,8.0]},"east":{"uv_size":[0.5,3.0],"uv":[9.5,8.0]},"north":{"uv_size":[1.0,3.0],"uv":[10.0,8.0]},"south":{"uv_size":[1.0,3.0],"uv":[8.5,8.0]}},"size":[2,6,1]},{"origin":[-12,2,4],"uv":{"west":{"uv_size":[4.0,3.0],"uv":[12.0,4.5]},"east":{"uv_size":[4.0,3.0],"uv":[12.0,4.5]},"north":{"uv_size":[4.0,3.0],"uv":[12.0,4.5]},"south":{"uv_size":[4.0,3.0],"uv":[12.0,4.5]}},"size":[8,6,8]},{"origin":[-13,9,3],"uv":{"west":{"uv_size":[5.0,0.5],"uv":[1.5,8.5]},"east":{"uv_size":[5.0,0.5],"uv":[1.5,8.5]},"north":{"uv_size":[5.0,0.5],"uv":[1.5,8.5]},"up":{"uv_size":[-5.0,-5.0],"uv":[6.5,14.5]},"south":{"uv_size":[5.0,0.5],"uv":[1.5,8.5]}},"size":[10,1,10]},{"origin":[-13,0,3],"uv":{"down":{"uv_size":[-5.0,-5.0],"uv":[6.5,14.5]},"west":{"uv_size":[5.0,0.5],"uv":[1.5,8.5]},"east":{"uv_size":[5.0,0.5],"uv":[1.5,8.5]},"north":{"uv_size":[5.0,0.5],"uv":[1.5,8.5]},"south":{"uv_size":[5.0,0.5],"uv":[1.5,8.5]}},"size":[10,1,10]}],"name":"root"}],"description":{"textures":["cy_vampire:totem_top"],"identifier":"cy_vampire:totem_top","use_ao":true}}}