{"format_version":"1.13.0","netease:block_geometry":{"bones":[{"pivot":[0,0,0],"cubes":[{"origin":[-15,0,1],"uv":{"north":{"uv_size":[7.0,0.5],"uv":[0.5,8.5]},"west":{"uv_size":[7.0,0.5],"uv":[0.5,8.5]},"up":{"uv_size":[-7.0,-7.0],"uv":[7.5,15.5]},"down":{"uv_size":[-7.0,-7.0],"uv":[7.5,15.5]},"east":{"uv_size":[7.0,0.5],"uv":[0.5,8.5]},"south":{"uv_size":[7.0,0.5],"uv":[0.5,8.5]}},"size":[14,1,14]},{"origin":[-14,1,2],"uv":{"north":{"uv_size":[6.0,0.5],"uv":[1.0,9.0]},"west":{"uv_size":[6.0,0.5],"uv":[1.0,9.0]},"up":{"uv_size":[-6.0,-6.0],"uv":[7.0,15.0]},"down":{"uv_size":[-6.0,-6.0],"uv":[7.0,15.0]},"east":{"uv_size":[6.0,0.5],"uv":[1.0,9.0]},"south":{"uv_size":[6.0,0.5],"uv":[1.0,9.0]}},"size":[12,1,12]},{"origin":[-13,2,3],"uv":{"north":{"uv_size":[5.0,0.5],"uv":[1.5,9.0]},"west":{"uv_size":[5.0,0.5],"uv":[1.5,9.0]},"up":{"uv_size":[-5.0,-5.0],"uv":[6.5,14.5]},"down":{"uv_size":[-5.0,-5.0],"uv":[6.5,14.5]},"east":{"uv_size":[5.0,0.5],"uv":[1.5,9.0]},"south":{"uv_size":[5.0,0.5],"uv":[1.5,9.0]}},"size":[10,1,10]},{"origin":[-7,3,4],"uv":{"north":{"uv_size":[1.5,6.5],"uv":[0.0,0.0]},"west":{"uv_size":[1.5,6.5],"uv":[3.0,0.0]},"up":{"uv_size":[-1.5,-1.5],"uv":[1.5,1.5]},"down":{"uv_size":[-1.5,-1.5],"uv":[1.5,1.5]},"east":{"uv_size":[1.5,6.5],"uv":[4.5,0.0]},"south":{"uv_size":[1.5,6.5],"uv":[1.5,0.0]}},"size":[3,13,3]},{"origin":[-12,3,4],"uv":{"north":{"uv_size":[-1.5,6.5],"uv":[1.5,0.0]},"west":{"uv_size":[-1.5,6.5],"uv":[6.0,0.0]},"up":{"uv_size":[1.5,-1.5],"uv":[0.0,1.5]},"down":{"uv_size":[1.5,-1.5],"uv":[0.0,1.5]},"east":{"uv_size":[-1.5,6.5],"uv":[4.5,0.0]},"south":{"uv_size":[-1.5,6.5],"uv":[3.0,0.0]}},"size":[3,13,3]},{"origin":[-7,3,9],"uv":{"north":{"uv_size":[-1.5,6.5],"uv":[3.0,0.0]},"west":{"uv_size":[-1.5,6.5],"uv":[4.5,0.0]},"up":{"uv_size":[-1.5,1.5],"uv":[1.5,0.0]},"down":{"uv_size":[-1.5,1.5],"uv":[1.5,0.0]},"east":{"uv_size":[-1.5,6.5],"uv":[6.0,0.0]},"south":{"uv_size":[-1.5,6.5],"uv":[1.5,0.0]}},"size":[3,13,3]},{"origin":[-12,3,9],"uv":{"north":{"uv_size":[1.5,6.5],"uv":[1.5,0.0]},"west":{"uv_size":[1.5,6.5],"uv":[4.5,0.0]},"up":{"uv_size":[1.5,1.5],"uv":[0.0,0.0]},"down":{"uv_size":[1.5,1.5],"uv":[0.0,0.0]},"east":{"uv_size":[1.5,6.5],"uv":[3.0,0.0]},"south":{"uv_size":[1.5,6.5],"uv":[0.0,0.0]}},"size":[3,13,3]},{"origin":[-11,2.75,5],"uv":{"north":{"uv_size":[3.0,6.5],"uv":[10.5,9.5]},"west":{"uv_size":[3.0,6.5],"uv":[13.0,9.5]},"up":{"uv_size":[-3.0,-3.0],"uv":[16.0,11.0]},"down":{"uv_size":[-3.0,-3.0],"uv":[16.0,11.0]},"east":{"uv_size":[3.0,6.5],"uv":[8.0,9.5]},"south":{"uv_size":[3.0,6.5],"uv":[10.5,9.5]}},"size":[6,13,6]}],"name":"root"}],"description":{"textures":["cy_vampire:totem_base"],"identifier":"cy_vampire:totem_base","use_ao":true}}}