{"format_version":"1.13.0","netease:block_geometry":{"bones":[{"pivot":[0,0,0],"cubes":[{"origin":[-16,0,0],"uv":{"down":{"uv_size":[1.0,-1.0],"uv":[11.0,1.5]},"west":{"uv_size":[1.0,0.5],"uv":[12.0,0.5]},"east":{"uv_size":[1.0,0.5],"uv":[11.0,1.5]},"north":{"uv_size":[1.0,0.5],"uv":[8.5,2.5]},"south":{"uv_size":[1.0,0.5],"uv":[11.0,2.0]}},"size":[2,1,2]},{"origin":[-16,0,5],"uv":{"down":{"uv_size":[1.0,1.0],"uv":[11.0,0.5]},"west":{"uv_size":[-1.0,0.5],"uv":[13.0,0.5]},"east":{"uv_size":[-1.0,0.5],"uv":[12.0,1.5]},"north":{"uv_size":[-1.0,0.5],"uv":[12.0,2.0]},"south":{"uv_size":[-1.0,0.5],"uv":[9.5,2.5]}},"size":[2,1,2]},{"origin":[-12,0,0],"uv":{"down":{"uv_size":[-1.0,-1.0],"uv":[12.0,1.5]},"west":{"uv_size":[-1.0,0.5],"uv":[12.0,1.5]},"east":{"uv_size":[-1.0,0.5],"uv":[13.0,0.5]},"north":{"uv_size":[-1.0,0.5],"uv":[9.5,2.5]},"south":{"uv_size":[-1.0,0.5],"uv":[12.0,2.0]}},"size":[2,1,2]},{"origin":[-12,0,5],"uv":{"down":{"uv_size":[-1.0,1.0],"uv":[12.0,0.5]},"west":{"uv_size":[1.0,0.5],"uv":[11.0,1.5]},"east":{"uv_size":[1.0,0.5],"uv":[12.0,0.5]},"north":{"uv_size":[1.0,0.5],"uv":[11.0,2.0]},"south":{"uv_size":[1.0,0.5],"uv":[8.5,2.5]}},"size":[2,1,2]},{"origin":[-15,1,1],"uv":{"down":{"uv_size":[2.5,-2.5],"uv":[8.5,2.5]},"up":{"uv_size":[2.5,2.5],"uv":[8.5,8.5]}},"size":[5,1,5]},{"origin":[-16,1,0],"uv":{"north":{"uv_size":[0.5,3.0],"uv":[11.5,8.5]},"west":{"uv_size":[3.5,3.0],"uv":[0.0,8.0]},"up":{"uv_size":[0.5,3.5],"uv":[11.0,11.0]},"down":{"uv_size":[0.5,-3.5],"uv":[11.5,15.0]},"east":{"uv_size":[3.5,3.0],"uv":[5.0,0.0]},"south":{"uv_size":[0.5,3.0],"uv":[12.0,12.0]}},"size":[1,6,7]},{"origin":[-10,1,0],"uv":{"north":{"uv_size":[-0.5,3.0],"uv":[12.0,8.5]},"west":{"uv_size":[-3.5,3.0],"uv":[8.5,0.0]},"up":{"uv_size":[-0.5,3.5],"uv":[11.5,11.0]},"down":{"uv_size":[-0.5,-3.5],"uv":[12.0,15.0]},"east":{"uv_size":[-3.5,3.0],"uv":[3.5,8.0]},"south":{"uv_size":[-0.5,3.0],"uv":[12.5,12.0]}},"size":[1,6,7]},{"origin":[-15,1,0],"uv":{"down":{"uv_size":[2.5,-0.5],"uv":[11.0,0.5]},"north":{"uv_size":[2.5,3.0],"uv":[3.5,8.0]},"up":{"uv_size":[2.5,0.5],"uv":[10.0,4.0]},"south":{"uv_size":[2.5,3.0],"uv":[6.0,8.0]}},"size":[5,6,1]},{"origin":[-15,1,6],"uv":{"down":{"uv_size":[2.5,0.5],"uv":[11.0,0.0]},"north":{"uv_size":[-2.5,3.0],"uv":[8.5,8.0]},"up":{"uv_size":[2.5,-0.5],"uv":[10.0,4.5]},"south":{"uv_size":[-2.5,3.0],"uv":[6.0,8.0]}},"size":[5,6,1]},{"origin":[-13,0,8],"uv":{"north":{"uv_size":[5.0,1.0],"uv":[9.0,6.0]},"west":{"uv_size":[4.0,1.0],"uv":[10.0,2.5]},"up":{"uv_size":[5.0,-4.0],"uv":[0.0,4.0]},"down":{"uv_size":[5.0,-4.0],"uv":[0.0,4.0]},"east":{"uv_size":[4.0,1.0],"uv":[10.0,2.5]},"south":{"uv_size":[5.0,1.0],"uv":[9.0,6.0]}},"size":[10,2,8]},{"origin":[-12,2,9],"uv":{"west":{"uv_size":[3.0,0.5],"uv":[10.0,3.5]},"east":{"uv_size":[3.0,0.5],"uv":[10.0,3.5]},"north":{"uv_size":[4.0,0.5],"uv":[5.0,4.5]},"up":{"uv_size":[4.0,3.0],"uv":[5.0,5.0]},"south":{"uv_size":[4.0,0.5],"uv":[5.0,4.5]}},"size":[8,1,6]},{"origin":[-11,3,10],"uv":{"west":{"uv_size":[2.0,1.5],"uv":[7.5,11.0]},"east":{"uv_size":[2.0,1.5],"uv":[7.5,11.0]},"north":{"uv_size":[3.0,1.5],"uv":[9.0,7.0]},"south":{"uv_size":[3.0,1.5],"uv":[9.0,7.0]}},"size":[6,3,4]},{"origin":[-13,6,8],"uv":{"north":{"uv_size":[5.0,1.5],"uv":[5.0,3.0]},"west":{"uv_size":[4.0,1.5],"uv":[9.0,4.5]},"up":{"uv_size":[5.0,4.0],"uv":[0.0,4.0]},"down":{"uv_size":[5.0,4.0],"uv":[0.0,4.0]},"east":{"uv_size":[4.0,1.5],"uv":[9.0,4.5]},"south":{"uv_size":[5.0,1.5],"uv":[5.0,3.0]}},"size":[10,3,8]},{"origin":[-5,0,2],"uv":{"north":{"uv_size":[2.5,1.5],"uv":[0.0,11.0]},"west":{"uv_size":[1.5,1.5],"uv":[9.5,11.0]},"up":{"uv_size":[2.5,1.5],"uv":[2.5,11.0]},"down":{"uv_size":[2.5,-1.5],"uv":[5.0,12.5]},"east":{"uv_size":[1.5,1.5],"uv":[9.5,11.0]},"south":{"uv_size":[2.5,1.5],"uv":[0.0,11.0]}},"size":[5,3,3]},{"origin":[-3,3,3],"uv":{"west":{"uv_size":[0.5,3.0],"uv":[12.0,7.0]},"east":{"uv_size":[0.5,3.0],"uv":[12.0,7.0]},"north":{"uv_size":[0.5,3.0],"uv":[12.0,7.0]},"up":{"uv_size":[0.5,0.5],"uv":[8.5,8.0]},"south":{"uv_size":[0.5,3.0],"uv":[12.0,7.0]}},"size":[1,6,1]}],"name":"root"}],"description":{"textures":["cy_vampire:weapon_table"],"identifier":"cy_vampire:weapon_table","use_ao":true}}}