{"bat":{"skeleton":"skeleton/bat_skeleton.json","mesh":"mesh/bat_mesh.json","animation":{"idle":"animations/bat_animation_idle.json","fly":"animations/bat_animation_fly.json"}},"invisible_arrow":{"skeleton":"skeleton/invisible_arrow_skeleton.json","mesh":"mesh/invisible_arrow_mesh.json"},"vampire_killer_arrow":{"skeleton":"skeleton/vampire_killer_arrow_skeleton.json","mesh":"mesh/vampire_killer_arrow_mesh.json"},"spitfire":{"skeleton":"skeleton/spitfire_skeleton.json","mesh":"mesh/spitfire_mesh.json"},"crossbow_arrow":{"skeleton":"skeleton/crossbow_arrow_skeleton.json","mesh":"mesh/crossbow_arrow_mesh.json"}}