{"cyvampirism.crossbow":{"category":"weather","min_distance":3.0,"sounds":[{"name":"sounds/fx/crossbow","stream":false,"volume":0.7,"load_on_low_memory":true}]},"cyvampirism.coffin_lid_slide":{"category":"weather","min_distance":10.0,"sounds":[{"name":"sounds/fx/coffin_lid_slide","stream":false,"volume":0.7,"load_on_low_memory":true}]},"cyvampirism.boiling":{"category":"weather","min_distance":10.0,"sounds":[{"name":"sounds/fx/boiling","stream":false,"volume":0.7,"load_on_low_memory":true}]},"cyvampirism.bat_swarm":{"category":"weather","min_distance":30.0,"sounds":[{"name":"sounds/fx/bat_swarm","stream":false,"volume":0.7,"load_on_low_memory":true}]},"cyvampirism.bite":{"category":"weather","min_distance":15.0,"sounds":[{"name":"sounds/entity/vampire/bite","stream":false,"volume":0.7,"load_on_low_memory":true}]},"cyvampirism.bite_long":{"category":"weather","min_distance":15.0,"sounds":[{"name":"sounds/entity/vampire/bite_long","stream":false,"volume":0.7,"load_on_low_memory":true}]},"cyvampirism.scream_loud":{"category":"weather","min_distance":15.0,"sounds":[{"name":"sounds/entity/vampire/scream_loud","stream":false,"volume":0.7,"load_on_low_memory":true}]},"cyvampirism.scream":{"category":"weather","min_distance":15.0,"sounds":[{"name":"sounds/entity/vampire/scream","stream":false,"volume":0.7,"load_on_low_memory":true}]},"cyvampirism.blood_dripping":{"category":"weather","min_distance":10.0,"sounds":[{"name":"sounds/ambient/blood_dripping","stream":false,"volume":0.7,"load_on_low_memory":true}]},"cyvampirism.blood_dripping2":{"category":"weather","min_distance":10.0,"sounds":[{"name":"sounds/ambient/blood_dripping2","stream":false,"volume":0.7,"load_on_low_memory":true}]},"cyvampirism.ghosty_ambient":{"category":"weather","min_distance":20.0,"sounds":[{"name":"sounds/ambient/ghosty_ambient","stream":false,"volume":0.7,"load_on_low_memory":true}]},"cyvampirism.scary":{"category":"music","min_distance":30.0,"sounds":[{"name":"sounds/ambient/scary","stream":true,"volume":0.7,"load_on_low_memory":true}]}}